scenario,frame,time_us,selected_plate,selected_ok,estimated_distance_m,truth_distance_m,absolute_error_m,consecutive_lost,detections,matched
translation,0,0,2,1,1.59667862038,1.5954933028412706,0.0011853175387295245,0,1,1
translation,1,33333,2,1,1.59820325807,1.5888144529565504,0.009388805113449639,0,1,1
translation,2,66667,2,1,1.59058181233,1.5821979339032757,0.008383878426724278,0,1,1
translation,3,100000,2,1,1.58090384718,1.5756480242756463,0.00525582290435378,0,1,1
translation,4,133333,2,1,1.5769686441,1.5691687856947263,0.007799858405273641,0,1,1
translation,5,166667,2,1,1.57093489452,1.5627640565004517,0.00817083801954821,0,1,1
translation,6,200000,2,1,1.56207977265,1.5564374462475157,0.005642326402484299,0,1,1
translation,7,233333,2,1,1.56272109886,1.550192331044047,0.012528767815952913,0,1,1
translation,8,266667,2,1,1.55056608223,1.544031849768597,0.006534232461403056,0,1,1
translation,9,300000,2,1,1.55546592004,1.5379589011971744,0.017507018842825683,0,1,1
translation,10,333333,2,1,1.54047729903,1.5319761420678841,0.008501156962115841,0,1,1
translation,11,366667,2,1,1.52700761103,1.52608598610621,0.0009216249237899987,0,1,1
translation,12,400000,2,1,1.53559899721,1.5202906040291269,0.01530839318087307,0,1,1
translation,13,433333,2,1,1.51676690294,1.5145919245410986,0.0021749783989013505,0,1,1
translation,14,466667,2,1,1.52085105678,1.5089916363296376,0.011859420450362368,0,1,1
translation,15,500000,2,1,1.50787993258,1.503491191062527,0.004388741517473038,0,1,1
translation,16,533333,2,1,1.50591718116,1.4980918073830793,0.007825373776920719,0,1,1
translation,17,566667,2,1,1.49644788065,1.492794475893984,0.0036534047560159433,0,1,1
translation,18,600000,2,1,1.49661295645,1.4875999651144358,0.009012991335564102,0,1,1
translation,19,633333,2,1,1.49342062847,1.4825088283893877,0.010911800080612322,0,1,1
translation,20,666667,2,1,1.48286077906,1.4775214117239885,0.005339367336011369,0,1,1
translation,21,700000,2,1,1.48008859338,1.4726378625106258,0.007450730869374311,0,1,1
translation,22,733333,2,1,1.47623030722,1.4678581391105086,0.008372168109491485,0,1,1
translation,23,766667,2,1,1.47192865509,1.4631820212464972,0.008746633843502716,0,1,1
translation,24,800000,2,1,1.46669568786,1.4586091211589145,0.00808656670108543,0,1,1
translation,25,833333,2,1,1.46662330255,1.4541388954714358,0.01248440707856413,0,1,1
translation,26,866667,2,1,1.45885372447,1.4497706577098755,0.009083066760124492,0,1,1
translation,27,900000,2,1,1.44414670475,1.445503591412798,0.0013568866627979848,0,1,1
translation,28,933333,2,1,1.44799923427,1.4413367637694154,0.006662470500584661,0,1,1
translation,29,966667,2,1,1.44024638153,1.4372691397172053,0.0029772418127946843,0,1,1
translation,30,1000000,2,1,1.43911047858,1.4332995964291138,0.00581088215088621,0,1,1
translation,31,1033333,2,1,1.4297593013,1.4294269381181042,0.0003323631818958894,0,1,1
translation,32,1066667,2,1,1.42488397624,1.4256499110851666,0.000765934845166516,0,1,1
translation,33,1100000,2,1,1.4223894562,1.4219672189357322,0.0004222372642677108,0,1,1
translation,34,1133333,2,1,1.42129186733,1.4183775378887065,0.0029143294412934395,0,1,1
translation,35,1166667,2,1,1.42085455307,1.4148795321020564,0.005975020967943667,0,1,1
translation,36,1200000,2,1,1.41414608739,1.411471868939017,0.0026742184509829237,0,1,1
translation,37,1233333,2,1,1.4098523887,1.4081532340995204,0.0016991546004796465,0,1,1
translation,38,1266667,2,1,1.40782175039,1.404922346542357,0.0028994038476428674,0,1,1
translation,39,1300000,2,1,1.40791657496,1.4017779731248354,0.00613860183516457,0,1,1
translation,40,1333333,2,1,1.40328944323,1.3987189428882707,0.004570500341729344,0,1,1
translation,41,1366667,2,1,1.40317478547,1.3957441609194996,0.007430624550500475,0,1,1
translation,42,1400000,2,1,1.39704937608,1.3928526217207335,0.004196754359266475,0,1,1
translation,43,1433333,2,1,1.39351478299,1.3900434220224056,0.0034713609675944834,0,1,1
translation,44,1466667,2,1,1.38970952451,1.3873157729762267,0.002393751533773303,0,1,1
translation,45,1500000,2,1,1.38814497766,1.3846690116683893,0.0034759659916105967,0,1,1
translation,46,1533333,2,1,1.38442620155,1.382102611895744,0.002323589654255942,0,1,1
translation,47,1566667,2,1,1.38409088779,1.379616194150799,0.004474693639201055,0,1,1
translation,48,1600000,2,1,1.37967987601,1.3772095347645328,0.002470341245467189,0,1,1
translation,49,1633333,2,1,1.37706539476,1.3748825741592667,0.0021828206007332707,0,1,1
translation,50,1666667,2,1,1.37664443029,1.3726354241671896,0.00400900612281041,0,1,1
translation,51,1700000,2,1,1.37394032311,1.3704683743735773,0.0034719487364227586,0,1,1
translation,52,1733333,2,1,1.37688220625,1.36838189744729,0.0085003088027098,0,1,1
translation,53,1766667,2,1,1.36758214726,1.3663766534247652,0.0012054938352348277,0,1,1
translation,54,1800000,2,1,1.3663974294,1.364453492917454,0.0019439364825459826,0,1,1
translation,55,1833333,2,1,1.36630023863,1.3626134592165111,0.0036867794134889387,0,1,1
translation,56,1866667,2,1,1.36569324324,1.3608577892724893,0.004835453967510617,0,1,1
translation,57,1900000,2,1,1.36197372183,1.3591879135319145,0.0027858082980856125,0,1,1
translation,58,1933333,2,1,1.35919072462,1.3576054546168312,0.0015852700031686595,0,1,1
translation,59,1966667,2,1,1.36086923277,1.3561122248378323,0.004757007932167712,0,1,1
translation,60,2000000,2,1,1.35713181409,1.354710222535649,0.0024215915543508437,0,1,1
translation,61,2033333,2,1,1.35927416594,1.3534016272511369,0.005872538688863171,0,1,1
translation,62,2066667,2,1,1.35438394061,1.35218879372845,0.002195146881549981,0,1,1
translation,63,2100000,2,1,1.35332568784,1.3510742447613513,0.0022514430786486628,0,1,1
translation,64,2133333,2,1,1.35217876245,1.3500606628979657,0.002118099552034236,0,1,1
translation,65,2166667,2,1,1.3533614504,1.349150881024858,0.00421056937514197,0,1,1
translation,66,2200000,2,1,1.35669596756,1.3483478718570705,0.008348095702929603,0,1,1
translation,67,2233333,2,1,1.35248053331,1.3476547363667242,0.004825796943275895,0,1,1
translation,68,2266667,2,1,1.35037169817,1.3470746911888838,0.003297006981116235,0,1,1
translation,69,2300000,2,1,1.35007152978,1.3466110550496642,0.0034604747303357275,0,1,1
translation,70,2333333,2,1,1.35122951624,1.346267234267889,0.004962281972111127,0,1,1
translation,71,2366667,2,1,1.35089281329,1.346046707388058,0.0048461059019420105,0,1,1
translation,72,2400000,2,1,1.3505909215,1.3459530090087755,0.004637912491224583,0,1,1
translation,73,2433333,2,1,1.35222010155,1.3459897128771872,0.006230388672812781,0,1,1
translation,74,2466667,2,1,1.35456446469,1.3461604143262134,0.008404050363786553,0,1,1
translation,75,2500000,2,1,1.35281080726,1.346468712137424,0.006342095122576108,0,1,1
translation,76,2533333,2,1,1.34963825994,1.346918189918186,0.0027200700218141804,0,1,1
translation,77,2566667,2,1,1.35201657834,1.347512397087137,0.004504181252863004,0,1,1
translation,78,2600000,2,1,1.34968212445,1.3482548295669976,0.0014272948830023058,0,1,1
translation,79,2633333,2,1,1.35718931796,1.3491489102881806,0.00804040767181946,0,1,1
translation,80,2666667,2,1,1.35758956142,1.3501979696104465,0.0073915918095535105,0,1,1
translation,81,2700000,2,1,1.35883787422,1.3514052257729343,0.007432648447065704,0,1,1
translation,82,2733333,2,1,1.35502879618,1.3527737654851923,0.0022550306948077026,0,1,1
translation,83,2766667,2,1,1.36013577219,1.3543065247732136,0.005829247416786476,0,1,1
translation,84,2800000,2,1,1.36446330554,1.35600627019497,0.00845703534502995,0,1,1
translation,85,2833333,2,1,1.35648210939,1.3578755805393745,0.0013934711493746033,0,1,1
translation,86,2866667,2,1,1.37208478626,1.3599168291210482,0.012167957138951913,0,1,1
translation,87,2900000,2,1,1.35996390548,1.3621321667806026,0.0021682613006026585,0,1,1
translation,88,2933333,2,1,1.37150525002,1.364523505696454,0.006981744323546035,0,1,1
translation,89,2966667,2,1,1.37601804433,1.3670925041093824,0.008925540220617645,0,1,1
translation,90,3000000,2,1,1.38248613705,1.369840552055242,0.012645584994757986,0,1,1
translation,91,3033333,2,1,1.37916029355,1.3727687581944121,0.006391535355587896,0,1,1
translation,92,3066667,2,1,1.38045435567,1.3758779378188473,0.004576417851152703,0,1,1
translation,93,3100000,2,1,1.38593234816,1.3791686021089977,0.006763746051002384,0,1,1
translation,94,3133333,2,1,1.38825012762,1.3826409487035647,0.00560917891643542,0,1,1
translation,95,3166667,2,1,1.38929643952,1.3862948536350974,0.0030015858849026245,0,1,1
translation,96,3200000,2,1,1.39431312419,1.390129864673993,0.004183259516006954,0,1,1
translation,97,3233333,2,1,1.39757812679,1.3941451961126483,0.003432930677351731,0,1,1
translation,98,3266667,2,1,1.39789029638,1.3983397250104759,0.0004494286304759232,0,1,1
translation,99,3300000,2,1,1.40241266791,1.4027119889093804,0.0002993209993804591,0,1,1
translation,100,3333333,2,1,1.41420083426,1.4072601850182558,0.006940649241744312,0,1,1
translation,101,3366667,2,1,1.41351201866,1.4119821708542308,0.0015298478057692577,0,1,1
translation,102,3400000,2,1,1.4287390862,1.4168754663179142,0.01186361988208584,0,1,1
translation,103,3433333,2,1,1.43905848796,1.4219372571698967,0.017121230790103192,0,1,1
translation,104,3466667,2,1,1.44393122545,1.4271643998663655,0.016766825583634626,0,1,1
translation,105,3500000,2,1,1.44370025926,1.432553427702985,0.011146831557014902,0,1,1
translation,106,3533333,2,1,1.44316862138,1.4381005582082957,0.005068063171704162,0,1,1
translation,107,3566667,2,1,1.4466556715,1.4438017017208156,0.0028539697791845065,0,1,1
translation,108,3600000,2,1,1.46091525216,1.449652471077909,0.011262781082090889,0,1,1
translation,109,3633333,2,1,1.46225849274,1.4556481923392859,0.006610300400714086,0,1,1
translation,110,3666667,2,1,1.47583401457,1.4617839164637736,0.014050098106226372,0,1,1
translation,111,3700000,2,1,1.46698895633,1.4680544318547628,0.0010654755247627712,0,1,1
translation,112,3733333,2,1,1.48659654115,1.474454277687411,0.012142263462588954,0,1,1
translation,113,3766667,2,1,1.48482745829,1.4809777579293326,0.003849700360667452,0,1,1
translation,114,3800000,2,1,1.50843120781,1.4876189559660025,0.020812251843997487,0,1,1
translation,115,3833333,2,1,1.50467357173,1.4943717497424363,0.010301821987563686,0,1,1
translation,116,3866667,2,1,1.50394361138,1.5012298273338276,0.002713784046172396,0,1,1
translation,117,3900000,2,1,1.51762263295,1.5081867028596057,0.00943593009039434,0,1,1
translation,118,3933333,2,1,1.52874307149,1.5152357326578114,0.013507338832188687,0,1,1
translation,119,3966667,2,1,1.53513853583,1.5223701316396463,0.012768404190353744,0,1,1
translation,120,4000000,2,1,1.53934528227,1.5295829897474786,0.009762292522521365,0,1,1
translation,121,4033333,2,1,1.53459180816,1.5368672884433958,0.0022754802833957477,0,1,1
translation,122,4066667,2,1,1.55555164558,1.5442159171595065,0.011335728420493574,0,1,1
translation,123,4100000,2,1,1.55808072125,1.5516216896455333,0.006459031604466814,0,1,1
translation,124,4133333,2,1,1.56999346807,1.559077360153743,0.010916107916256967,0,1,1
translation,125,4166667,2,1,1.57795715563,1.5665756394058437,0.011381516224156396,0,1,1
translation,126,4200000,2,1,1.5872096452,1.5741092102910992,0.013100434908900782,0,1,1
translation,127,4233333,2,1,1.59729488627,1.58167074324952,0.015624143020479986,0,1,1
translation,128,4266667,2,1,1.58381555707,1.5892529112985005,0.005437354228500446,0,1,1
translation,129,4300000,2,1,1.60340622766,1.5968484046656946,0.006557822994305518,0,1,1
translation,130,4333333,2,1,1.61017436238,1.6044499449951888,0.00572441738481122,0,1,1
translation,131,4366667,2,1,1.62366220147,1.612050299098108,0.011611902371891913,0,1,1
translation,132,4400000,2,1,1.62603166984,1.6196422922226845,0.006389377617315395,0,1,1
translation,133,4433333,2,1,1.62947157084,1.62721882082249,0.002252750017510019,0,1,1
translation,134,4466667,2,1,1.6490597715,1.634772864804961,0.014286906695038848,0,1,1
translation,135,4500000,2,1,1.65446146351,1.6422974992455552,0.01216396426444466,0,1,1
translation,136,4533333,2,1,1.65762379029,1.649785905555836,0.007837884734164025,0,1,1
translation,137,4566667,2,1,1.66995222676,1.6572313820964912,0.012720844663508757,0,1,1
translation,138,4600000,2,1,1.67031888558,1.6646273542287953,0.005691531351204704,0,1,1
translation,139,4633333,2,1,1.67981767236,1.671967383800245,0.007850288559755114,0,1,1
translation,140,4666667,2,1,1.69047501059,1.6792451780621525,0.011229832527847483,0,1,1
translation,141,4700000,2,1,1.6892336834,1.6864545980187853,0.00277908538121463,0,1,1
translation,142,4733333,2,1,1.70560545819,1.6935896662092533,0.012015791980746648,0,1,1
translation,143,4766667,2,1,1.70848746648,1.7006445739247833,0.007842892555216752,0,1,1
translation,144,4800000,2,1,1.71676617863,1.7076136878652646,0.009152490764735344,0,1,1
translation,145,4833333,2,1,1.73236772994,1.7144915562400522,0.01787617369994776,0,1,1
translation,146,4866667,2,1,1.73790868948,1.7212729143189573,0.016635775161042643,0,1,1
translation,147,4900000,2,1,1.74571183171,1.727952689440168,0.017759142269831996,0,1,1
translation,148,4933333,2,1,1.75040701624,1.7345260054825524,0.015881010757447633,0,1,1
translation,149,4966667,2,1,1.73969283227,1.740988186810381,0.0012953545403808775,0,1,1
translation,150,5000000,2,1,1.75863983481,1.7473347616990047,0.011305073110995378,0,1,1
translation,151,5033333,2,1,1.7545923029,1.753561465250463,0.001030837649536931,0,1,1
translation,152,5066667,2,1,1.76482276874,1.7596642418083266,0.005158526931673402,0,1,1
translation,153,5100000,2,1,1.77332310344,1.7656392468814068,0.007683856558593272,0,1,1
translation,154,5133333,2,1,1.78023403755,1.7714828485861893,0.008751188963810774,0,1,1
translation,155,5166667,2,1,1.78481663199,1.777191628618079,0.00762500337192118,0,1,1
translation,156,5200000,2,1,1.80071338424,1.7827623827617314,0.01795100147826867,0,1,1
translation,157,5233333,2,1,1.7972954303,1.7881921209508977,0.009103309349102195,0,1,1
translation,158,5266667,2,1,1.80443172483,1.7934780668883774,0.010953657941622508,0,1,1
translation,159,5300000,2,1,1.81166419635,1.7986176572368067,0.013046539113193312,0,1,1
translation,160,5333333,2,1,1.80958352023,1.8036085403911677,0.005974979838832217,0,1,1
translation,161,5366667,2,1,1.81705074323,1.808448574844032,0.008602168385968056,0,1,1
translation,162,5400000,2,1,1.81537271292,1.813135827154727,0.0022368857652728114,0,1,1
translation,163,5433333,2,1,1.82256001846,1.8176685695337642,0.00489144892623572,0,1,1
translation,164,5466667,2,1,1.83392493997,1.8220452770540596,0.011879662915940337,0,1,1
translation,165,5500000,2,1,1.8324858688,1.8262646245006688,0.006221244299331241,0,1,1
translation,166,5533333,2,1,1.84236237238,1.8303254828709774,0.012036889509022597,0,1,1
translation,167,5566667,2,1,1.84371771355,1.8342269155375215,0.00949079801247854,0,1,1
translation,168,5600000,2,1,1.84831101675,1.8379681740858804,0.010342842664119667,0,1,1
translation,169,5633333,2,1,1.86381015789,1.8415486938403431,0.022261464049656787,0,1,1
translation,170,5666667,2,1,1.86696906152,1.8449680890903735,0.02200097242962662,0,1,1
translation,171,5700000,2,1,1.86952258855,1.8482261480312046,0.021296440518795423,0,1,1
translation,172,5733333,2,1,1.86137490144,1.8513228274322349,0.0100520740077652,0,1,1
translation,173,5766667,2,1,1.85332034293,1.854258247047269,0.0009379041172690172,0,1,1
translation,174,5800000,2,1,1.88162782501,1.8570326837810134,0.02459514122898665,0,1,1
translation,175,5833333,2,1,1.86211361264,1.859646565626629,0.002467047013370971,0,1,1
translation,176,5866667,2,1,1.87987537658,1.8621004653895559,0.017774911190444165,0,1,1
translation,177,5900000,2,1,1.87759929884,1.8643950942132337,0.013204204626766414,0,1,1
translation,178,5933333,2,1,1.87502435292,1.8665312949227624,0.00849305799723754,0,1,1
translation,179,5966667,2,1,1.87765289632,1.8685100352029822,0.009142861117017897,0,1,1
translation,180,6000000,2,1,1.88631034675,1.8703324006278716,0.015977946122128328,0,1,1
translation,181,6033333,2,1,1.88813583278,1.871999587558588,0.016136245221411993,0,1,1
translation,182,6066667,2,1,1.87440674987,1.8735128959278953,0.0008938539421048386,0,1,1
translation,183,6100000,2,1,1.88202021941,1.874873721929124,0.007146497480875924,0,1,1
translation,184,6133333,2,1,1.8980802966,1.8760835506282063,0.021996745971793796,0,1,1
translation,185,6166667,2,1,1.88162360167,1.8771439485176928,0.00447965315230725,0,1,1
translation,186,6200000,2,1,1.89824453401,1.8780565560320115,0.020187977977988547,0,1,1
translation,187,6233333,2,1,1.8875409599,1.8788230800435397,0.00871787985646022,0,1,1
translation,188,6266667,2,1,1.8948532646,1.8794452863593527,0.015407978240647324,0,1,1
translation,189,6300000,2,1,1.87910889806,1.879924992238752,0.0008160941787520581,0,1,1
translation,190,6333333,2,1,1.89678095159,1.88026405895189,0.01651689263811007,0,1,1
translation,191,6366667,2,1,1.91106064824,1.8804643843999531,0.03059626384004699,0,1,1
translation,192,6400000,2,1,1.90395545249,1.8805278958174805,0.0234275566725195,0,1,1
translation,193,6433333,2,1,1.90348110642,1.8804565425774482,0.023024563842551693,0,1,1
translation,194,6466667,2,1,1.90306255362,1.880252289119724,0.022810264500276123,0,1,1
translation,195,6500000,2,1,1.90692866903,1.8799171080234505,0.027011561006549556,0,1,1
translation,196,6533333,2,1,1.91160558021,1.87945297324375,0.03215260696625011,0,1,1
translation,197,6566667,2,1,1.88516737114,1.878861853532956,0.00630551760704412,0,1,1
translation,198,6600000,2,1,1.88544188974,1.8781457060662838,0.007296183673716206,0,1,1
translation,199,6633333,2,1,1.89826377681,1.8773064702915008,0.02095730651849914,0,1,1
translation,200,6666667,2,1,1.89202251727,1.876346062021725,0.0156764552482751,0,1,1
translation,201,6700000,2,1,1.89101685512,1.8752663677899721,0.015750487330027818,0,1,1
translation,202,6733333,2,1,1.88662483731,1.8740692394834795,0.012555597826520604,0,1,1
translation,203,6766667,2,1,1.88778032297,1.872756489275171,0.01502383369482918,0,1,1
translation,204,6800000,2,1,1.88327319839,1.8713298848688822,0.011943313521117771,0,1,1
translation,205,6833333,2,1,1.89547520757,1.8697911450741411,0.025684062495858972,0,1,1
translation,206,6866667,2,1,1.89623258879,1.8681419357254048,0.02809065306459524,0,1,1
translation,207,6900000,2,1,1.89014705944,1.8663838659596732,0.02376319348032685,0,1,1
translation,208,6933333,2,1,1.87475217251,1.8645184848653742,0.010233687644625844,0,1,1
translation,209,6966667,2,1,1.88680827332,1.8625472785142858,0.024260994805714198,0,1,1
translation,210,7000000,2,1,1.87340387081,1.8604716673871096,0.012932203422890476,0,1,1
translation,211,7033333,2,1,1.8859086223,1.8582930042020627,0.027615618097937222,0,1,1
translation,212,7066667,2,1,1.86658667715,1.8560125721545822,0.010574104995417777,0,1,1
translation,213,7100000,2,1,1.87848155171,1.8536315835749035,0.024849968135096434,0,1,1
translation,214,7133333,2,1,1.86255004569,1.8511511790088933,0.011398866681106679,0,1,1
translation,215,7166667,2,1,1.87657634636,1.8485724267261288,0.028003919633871277,0,1,1
translation,216,7200000,2,1,1.84826656653,1.845896322657754,0.0023702438722459362,0,1,1
translation,217,7233333,2,1,1.85018279828,1.8431237907652127,0.007059007514787385,0,1,1
translation,218,7266667,2,1,1.84269876911,1.840255683839466,0.002443085270534162,0,1,1
translation,219,7300000,2,1,1.84643406746,1.8372927847288383,0.00914128273116166,0,1,1
translation,220,7333333,2,1,1.8464914237,1.8342358079921572,0.012255615707842837,0,1,1
translation,221,7366667,2,1,1.83304047614,1.831085401972377,0.001955074167623083,0,1,1
translation,222,7400000,2,1,1.84765670282,1.8278421512844356,0.01981455153556433,0,1,1
translation,223,7433333,2,1,1.83255659161,1.8245065797096562,0.008050011900343712,0,1,1
translation,224,7466667,2,1,1.83485835998,1.8210791534876134,0.013779206492386509,0,1,1
translation,225,7500000,2,1,1.83662550864,1.8175602849950112,0.01906522364498886,0,1,1
translation,226,7533333,2,1,1.81161627046,1.813950336799817,0.0023340663398170314,0,1,1
translation,227,7566667,2,1,1.82435211941,1.810249626077604,0.014102493332396104,0,1,1
translation,228,7600000,2,1,1.8255276995,1.8064584293758548,0.019069270124145277,0,1,1
translation,229,7633333,2,1,1.82949618597,1.8025769877108135,0.02691919825918654,0,1,1
translation,230,7666667,2,1,1.81057431239,1.798605511980377,0.011968800409623004,0,1,1
translation,231,7700000,2,1,1.78940586711,1.7945441886754896,0.005138321565489656,0,1,1
translation,232,7733333,2,1,1.7825862493,1.7903931858715492,0.007806936571549183,0,1,1
translation,233,7766667,2,1,1.78417496897,1.786152659480434,0.0019776905104340603,0,1,1
translation,234,7800000,2,1,1.79724243465,1.7818227597429606,0.015419674907039438,0,1,1
translation,235,7833333,2,1,1.79515125786,1.7774036379408256,0.017747619919174396,0,1,1
translation,236,7866667,2,1,1.78227588003,1.772895453306434,0.009380426723565982,0,1,1
translation,237,7900000,2,1,1.76991123162,1.7682983801084082,0.0016128515115918507,0,1,1
translation,238,7933333,2,1,1.77094777445,1.763612614890065,0.007335159559934912,0,1,1
translation,239,7966667,2,1,1.77075902651,1.758838383837689,0.011920642672310855,0,1,1
translation,240,8000000,2,1,1.76140358142,1.7539759502550545,0.007427631164945492,0,1,1
translation,241,8033333,2,1,1.74867930091,1.7490256221203284,0.00034632121032851515,0,1,1
translation,242,8066667,2,1,1.76274560719,1.7439877597012372,0.018757847488762858,0,1,1
translation,243,8100000,2,1,1.75469683857,1.7388627832041799,0.015834055365820054,0,1,1
translation,244,8133333,2,1,1.74559167207,1.7336511804328278,0.011940491637172146,0,1,1
translation,245,8166667,2,1,1.73460980285,1.7283535144316682,0.006256288418331923,0,1,1
translation,246,8200000,2,1,1.72113294553,1.7229704310898768,0.0018374855598768391,0,1,1
translation,247,8233333,2,1,1.72504745447,1.717502666680926,0.00754478778907397,0,1,1
translation,248,8266667,2,1,1.73178086918,1.711951055313327,0.01982981386667304,0,1,1
translation,249,8300000,2,1,1.70956896548,1.7063165362679846,0.0032524292120152953,0,1,1
translation,250,8333333,2,1,1.71322127138,1.7006001611976964,0.012621110182303497,0,1,1
translation,251,8366667,2,1,1.7021568764,1.6948031011644393,0.007353775235560578,0,1,1
translation,252,8400000,2,1,1.69685499685,1.6889266534901795,0.007928343359820511,0,1,1
translation,253,8433333,2,1,1.69037606189,1.6829722483970693,0.007403813492930622,0,1,1
translation,254,8466667,2,1,1.68279534689,1.6769414554130018,0.00585389147699833,0,1,1
translation,255,8500000,2,1,1.67502869729,1.6708359895186222,0.004192707771377702,0,1,1
translation,256,8533333,2,1,1.67204093974,1.6646577170120092,0.007383222727990857,0,1,1
translation,257,8566667,2,1,1.67187910193,1.6584086610673399,0.013470440862660027,0,1,1
translation,258,8600000,2,1,1.65390383842,1.6520910069639734,0.00181283145602662,0,1,1
translation,259,8633333,2,1,1.64821288036,1.6457071069624574,0.0025057733975426544,0,1,1
translation,260,8666667,2,1,1.65090097037,1.6392594848040591,0.011641485565940801,0,1,1
translation,261,8700000,2,1,1.63821426298,1.632750839810492,0.005463423169508097,0,1,1
translation,262,8733333,2,1,1.62511190391,1.6261840505605736,0.0010721466505736466,0,1,1
translation,263,8766667,2,1,1.63105435648,1.6195621781206102,0.01149217835938976,0,1,1
translation,264,8800000,2,1,1.62388997059,1.6128884688053697,0.01100150178463033,0,1,1
translation,265,8833333,2,1,1.61579837571,1.606166356446567,0.009632019263433156,0,1,1
translation,266,8866667,2,1,1.60452472576,1.5993994641458622,0.005125261614137733,0,1,1
translation,267,8900000,2,1,1.59509151209,1.5925916054894864,0.0024999066005135795,0,1,1
translation,268,8933333,2,1,1.58735862431,1.5857467852017237,0.0016118391082762251,0,1,1
translation,269,8966667,2,1,1.58515704417,1.578869199214663,0.006287844955336963,0,1,1
translation,270,9000000,2,1,1.57652396089,1.571963234131879,0.004560726758120914,0,1,1
translation,271,9033333,2,1,1.57678508911,1.5650334660639798,0.011751623046020176,0,1,1
translation,272,9066667,2,1,1.56650590374,1.5580846588143906,0.008421244925609361,0,1,1
translation,273,9100000,2,1,1.5614677424,1.5511217613942234,0.010345981005776661,0,1,1
translation,274,9133333,2,1,1.54885159678,1.544149904845741,0.004701691934259067,0,1,1
translation,275,9166667,2,1,1.54007360221,1.5371743983547042,0.00289920385529574,0,1,1
translation,276,9200000,2,1,1.53705281856,1.530200724632869,0.006852093927131042,0,1,1
translation,277,9233333,2,1,1.52873169776,1.523234534553073,0.005497163206927169,0,1,1
translation,278,9266667,2,1,1.52176267948,1.5162816410207451,0.005481038459254961,0,1,1
translation,279,9300000,2,1,1.51937004326,1.5093480120673524,0.010022031192647551,0,1,1
translation,280,9333333,2,1,1.51051806983,1.5024397631532076,0.008078306676792435,0,1,1
translation,281,9366667,2,1,1.50111211589,1.4955631486693477,0.0055489672206523455,0,1,1
translation,282,9400000,2,1,1.49904517466,1.488724552630763,0.010320622029236892,0,1,1
translation,283,9433333,2,1,1.4897544376,1.4819304785562004,0.007823959043799622,0,1,1
translation,284,9466667,2,1,1.48178889301,1.475187538533115,0.006601354476885035,0,1,1
translation,285,9500000,2,1,1.47290768387,1.468502441470062,0.004405242399937892,0,1,1
translation,286,9533333,2,1,1.46433093855,1.46188198054297,0.0024489580070301553,0,1,1
translation,287,9566667,2,1,1.46614790713,1.4553330198463181,0.010814887283681962,0,1,1
translation,288,9600000,2,1,1.45098387596,1.4488624802652401,0.0021213956947598867,0,1,1
translation,289,9633333,2,1,1.45250320815,1.4424773245899978,0.010025883560002224,0,1,1
translation,290,9666667,2,1,1.443654455,1.4361845419001238,0.007469913099876102,0,1,1
translation,291,9700000,2,1,1.43992625429,1.4299911312517517,0.009935123038248284,0,1,1
translation,292,9733333,2,1,1.43700733686,1.4239040847082514,0.013103252151748679,0,1,1
translation,293,9766667,2,1,1.42575384137,1.4179303697611991,0.007823471608800814,0,1,1
translation,294,9800000,2,1,1.41018620858,1.4120769111958713,0.0018907026158712092,0,1,1
translation,295,9833333,2,1,1.4127336094,1.4063505724628351,0.00638303693716491,0,1,1
translation,296,9866667,2,1,1.40975808571,1.4007581366246735,0.00899994908532653,0,1,1
translation,297,9900000,2,1,1.39380397337,1.3953062869543946,0.0015023135843945656,0,1,1
translation,298,9933333,2,1,1.38802053854,1.3900015872694997,0.001981048729499779,0,1,1
translation,299,9966667,2,1,1.38349811859,1.3848504620929027,0.0013523435029028086,0,1,1
translation,300,10000000,2,1,1.38859980237,1.3798591767388089,0.008740625631191046,0,1,1
translation,301,10033333,2,1,1.38984179534,1.375033817428106,0.014807977911893921,0,1,1
translation,302,10066667,2,1,1.37103856848,1.3703802715436855,0.0006582969363144731,0,1,1
translation,303,10100000,2,1,1.37403607289,1.3659042081412318,0.008131864748768258,0,1,1
translation,304,10133333,2,1,1.37106999689,1.361611058835277,0.009458938054722976,0,1,1
translation,305,10166667,2,1,1.35980445733,1.357505999183554,0.002298458146446025,0,1,1
translation,306,10200000,2,1,1.35950320029,1.3535939306947853,0.005909269595214761,0,1,1
translation,307,10233333,2,1,1.35376492312,1.3498794635858768,0.0038854595341231146,0,1,1
translation,308,10266667,2,1,1.34970400338,1.3463669004139764,0.0033371029660236307,0,1,1
translation,309,10300000,2,1,1.34725276876,1.3430602207068758,0.00419254805312419,0,1,1
translation,310,10333333,2,1,1.34383629875,1.3399630667117715,0.0038732320382286467,0,1,1
translation,311,10366667,2,1,1.34675814044,1.3370787303773821,0.009679410062617855,0,1,1
translation,312,10400000,2,1,1.34621441084,1.3344101416778589,0.011804269162141168,0,1,1
translation,313,10433333,2,1,1.33723016324,1.331959858378856,0.005270304861143993,0,1,1
translation,314,10466667,2,1,1.33337860331,1.329730057336583,0.0036485459734170167,0,1,1
translation,315,10500000,2,1,1.34075716133,1.3277225274097482,0.013034633920251837,0,1,1
translation,316,10533333,2,1,1.33706025451,1.3259386640521638,0.011121590457836339,0,1,1
translation,317,10566667,2,1,1.33138831032,1.3243794656405041,0.007008844679495807,0,1,1
translation,318,10600000,2,1,1.33594533985,1.3230455315775604,0.012899808272439639,0,1,1
translation,319,10633333,2,1,1.32370857226,1.3219370621964341,0.0017715100635657954,0,1,1
translation,320,10666667,2,1,1.32697481283,1.3210538604757422,0.005920952354257825,0,1,1
translation,321,10700000,2,1,1.33361480525,1.320395335560257,0.01321946968974319,0,1,1
translation,322,10733333,2,1,1.33133897616,1.31996050806575,0.011378468094250138,0,1,1
translation,323,10766667,2,1,1.32398453549,1.3197480171313767,0.004236518358623265,0,1,1
translation,324,10800000,2,1,1.31756479494,1.3197561291679596,0.002191334227959585,0,1,1
translation,325,10833333,2,1,1.31309115433,1.319982748236256,0.006891593906256155,0,1,1
translation,326,10866667,2,1,1.31523748923,1.3204254279759113,0.00518793874591128,0,1,1
translation,327,10900000,2,1,1.31748981936,1.3210813849935186,0.0035915656335185897,0,1,1
translation,328,10933333,2,1,1.32434003177,1.3219475136071697,0.0023925181628303704,0,1,1
translation,329,10966667,2,1,1.32972190136,1.3230204018352503,0.006701499524749632,0,1,1
translation,330,11000000,2,1,1.33257102145,1.3242963485090886,0.008274672940911332,0,1,1
translation,331,11033333,2,1,1.3278997766,1.3257713813824832,0.002128395217516843,0,1,1
translation,332,11066667,2,1,1.33339592544,1.3274412761061727,0.005954649333827389,0,1,1
translation,333,11100000,2,1,1.33258904009,1.3293015759319378,0.0032874641580622477,0,1,1
translation,334,11133333,2,1,1.33745937194,1.3313476120092416,0.00611175993075852,0,1,1
translation,335,11166667,2,1,1.34093402317,1.3335745241370665,0.007359499032933536,0,1,1
translation,336,11200000,2,1,1.34326317988,1.3359772818347868,0.00728589804521329,0,1,1
translation,337,11233333,2,1,1.34561982768,1.3385507055984602,0.007069122081539758,0,1,1
translation,338,11266667,2,1,1.33876859996,1.3412894882126847,0.0025208882526845944,0,1,1
translation,339,11300000,2,1,1.34963009121,1.3441882159930165,0.005441875216983583,0,1,1
translation,340,11333333,2,1,1.35264070568,1.3472413898397564,0.005399315840243668,0,1,1
translation,341,11366667,2,1,1.35214465816,1.350443445990515,0.0017012121694850446,0,1,1
translation,342,11400000,2,1,1.35743024954,1.353788776366223,0.0036414731737768324,0,1,1
translation,343,11433333,2,1,1.36029388118,1.357271748413018,0.003022132766982155,0,1,1
translation,344,11466667,2,1,1.36472791404,1.3608867243505585,0.003841189689441471,0,1,1
translation,345,11500000,2,1,1.36882261679,1.3646280797456676,0.004194537044332369,0,1,1
translation,346,11533333,2,1,1.37209726046,1.3684902213386532,0.0036070391213467445,0,1,1
translation,347,11566667,2,1,1.37667522352,1.3724676040580905,0.004207619461909395,0,1,1
translation,348,11600000,2,1,1.38320929749,1.3765547471681852,0.006654550321814945,0,1,1
translation,349,11633333,2,1,1.38724911989,1.3807462495009357,0.006502870389064386,0,1,1
translation,350,11666667,2,1,1.39090762136,1.3850368037331913,0.005870817626808744,0,1,1
translation,351,11700000,2,1,1.392796445,1.3894212096761922,0.0033752353238079014,0,1,1
translation,352,11733333,2,1,1.39452165328,1.3938943865523177,0.0006272667276823185,0,1,1
translation,353,11766667,2,1,1.40474646884,1.3984513842404973,0.006295084599502676,0,1,1
translation,354,11800000,2,1,1.40957489407,1.4030873934779877,0.006487500592012196,0,1,1
translation,355,11833333,2,1,1.41014917899,1.407797755012073,0.0023514239779269808,0,1,1
translation,356,11866667,2,1,1.41886040243,1.4125779677005956,0.006282434729404374,0,1,1
translation,357,11900000,2,1,1.42253636454,1.4174236955651405,0.005112668974859513,0,1,1
translation,358,11933333,2,1,1.42964167832,1.4223307738051951,0.007310904514804983,0,1,1
translation,359,11966667,2,1,1.43563483524,1.4272952137856303,0.008339621454369617,0,1,1
rotation,0,0,2,1,1.59667862038,1.5954933028412706,0.0011853175387295245,0,1,1
rotation,1,33333,2,1,1.59730900379,1.596514491772443,0.0007945120175569809,0,1,1
rotation,2,66667,2,1,1.61256529949,1.5998366300976448,0.012728669392355174,0,1,1
rotation,3,100000,2,1,1.61544001471,1.60541239012095,0.010027624589050044,0,1,1
rotation,4,133333,2,1,1.62593224489,1.613163058212691,0.012769186677308975,0,1,1
rotation,5,166667,2,1,1.63339615566,1.6229806899041197,0.010415465755880371,0,1,1
rotation,6,200000,2,1,1.64770898691,1.6347309554206717,0.01297803148932819,0,1,1
rotation,7,233333,2,1,1.65860537064,1.648256506714287,0.010348863925712992,0,1,1
rotation,8,266667,3,1,1.67443901371,1.6589646092041748,0.015474404505825268,0,2,2
rotation,9,300000,3,1,1.64911334797,1.6438231486831858,0.005290199286814179,0,1,1
rotation,10,333333,3,1,1.63531186534,1.6303389930137953,0.0049728723262048025,0,1,1
rotation,11,366667,3,1,1.62824435089,1.6186898294322147,0.009554521457785237,0,1,1
rotation,12,400000,3,1,1.61893698445,1.6090330353440316,0.009903949105968257,0,1,1
rotation,13,433333,3,1,1.61179115873,1.6015018894139772,0.010289269316022809,0,1,1
rotation,14,466667,3,1,1.60752276446,1.5962021587058979,0.011320605754102209,0,1,1
rotation,15,500000,3,1,1.59464441453,1.5932092537820084,0.0014351607479916595,0,1,1
rotation,16,533333,3,1,1.59208968205,1.5925661251468697,0.00047644309686978303,0,1,1
rotation,17,566667,3,1,1.61215349239,1.5942820368143715,0.017871455575628525,0,1,1
rotation,18,600000,3,1,1.60730569888,1.5983322990613005,0.008973399818699601,0,1,1
rotation,19,633333,3,1,1.61211891806,1.6046589785293264,0.007459939530673587,0,1,1
rotation,20,666667,3,1,1.62481481294,1.6131725376372288,0.011642275302771177,0,1,1
rotation,21,700000,3,1,1.63390905793,1.623754295109997,0.010154762820002938,0,1,1
rotation,22,733333,3,1,1.6508340975,1.6362595524771673,0.01457454502283273,0,1,1
rotation,23,766667,3,1,1.66252078274,1.650521202297419,0.011999580442580982,0,1,1
rotation,24,800000,0,1,1.65973793832,1.6546489090459096,0.005089029274090384,0,1,1
rotation,25,833333,0,1,1.63950344385,1.6401960432355382,0.0006925993855382284,0,1,1
rotation,26,866667,0,1,1.62743089826,1.6274444229373586,1.3524677358489612e-05,0,1,1
rotation,27,900000,0,1,1.62240351694,1.6165630859047129,0.005840431035287086,0,1,1
rotation,28,933333,0,1,1.61246100007,1.6076997046880452,0.004761295381954689,0,1,1
rotation,29,966667,0,1,1.6062846006,1.6009769766038793,0.005307623996120725,0,1,1
rotation,30,1000000,0,1,1.60341883939,1.5964894484788281,0.00692939091117184,0,1,1
rotation,31,1033333,0,1,1.60853123321,1.5943009585997003,0.014230274610299576,0,1,1
rotation,32,1066667,0,1,1.60636561053,1.5944428537992568,0.011922756730743167,0,1,1
rotation,33,1100000,0,1,1.60715415761,1.5969130973593788,0.010241060250621103,0,1,1
rotation,34,1133333,0,1,1.61156788662,1.6016763273082384,0.009891559311761666,0,1,1
rotation,35,1166667,0,1,1.61899289768,1.6086648611840528,0.010328036495947268,0,1,1
rotation,36,1200000,0,1,1.63308746785,1.6177805803270673,0.015306887522932744,0,1,1
rotation,37,1233333,0,1,1.63700177861,1.6288975720385703,0.008104206571429629,0,1,1
rotation,38,1266667,0,1,1.65261434373,1.6418653677064152,0.010748976023584822,0,1,1
rotation,39,1300000,0,1,1.66750992501,1.6565125927705393,0.010997332239460755,0,2,2
rotation,40,1333333,1,1,1.66044747422,1.6520160470162255,0.008431427203774433,0,1,1
rotation,41,1366667,1,1,1.64228517812,1.6382671987053272,0.0040179794146728565,0,1,1
rotation,42,1400000,1,1,1.63828959758,1.6262549680965341,0.012034629483465897,0,1,1
rotation,43,1433333,1,1,1.62335387427,1.6161393057433542,0.007214568526645815,0,1,1
rotation,44,1466667,1,1,1.61576240002,1.6080579074482777,0.007704492571722232,0,1,1
rotation,45,1500000,1,1,1.61221726206,1.6021228101587888,0.010094451901211166,0,1,1
rotation,46,1533333,1,1,1.60577855031,1.5984174734936973,0.007361076816302603,0,1,1
rotation,47,1566667,1,1,1.60107741137,1.5969945171864126,0.004082894183587316,0,1,1
rotation,48,1600000,1,1,1.60713990523,1.59787425516827,0.009265650061729858,0,1,1
rotation,49,1633333,1,1,1.60438298611,1.6010441214184081,0.0033388646915919473,0,1,1
rotation,50,1666667,1,1,1.61467906494,1.6064590256707991,0.008220039269200896,0,1,1
rotation,51,1700000,1,1,1.62132945098,1.6140426153250174,0.007286835654982671,0,1,1
rotation,52,1733333,1,1,1.63454440253,1.6236893610953391,0.010855041434660873,0,1,1
rotation,53,1766667,1,1,1.64870058614,1.6352673351249494,0.013433251015050551,0,1,1
rotation,54,1800000,1,1,1.66174438349,1.6486215166714873,0.013122866818512824,0,1,1
rotation,55,1833333,2,1,1.67085915164,1.6625889440473236,0.008270207592676382,0,2,2
rotation,56,1866667,2,1,1.65613854544,1.6475402953680465,0.008598250071953473,0,1,1
rotation,57,1900000,2,1,1.64079983916,1.6340995086976993,0.006700330462300785,0,1,1
rotation,58,1933333,2,1,1.62949062239,1.6224423706329216,0.007048251757078461,0,1,1
rotation,59,1966667,2,1,1.6196243588,1.6127251635963762,0.00689919520362392,0,1,1
rotation,60,2000000,2,1,1.61389851985,1.6050809737154472,0.008817546134552767,0,1,1
rotation,61,2033333,2,1,1.60863966029,1.5996163455604573,0.009023314729542653,0,1,1
rotation,62,2066667,2,1,1.60366936828,1.5964084673425072,0.007260900937492876,0,1,1
rotation,63,2100000,2,1,1.59665444794,1.5955030542792588,0.00115139366074124,0,1,1
rotation,64,2133333,2,1,1.60104894577,1.5969130639228784,0.0041358818471215475,0,1,1
rotation,65,2166667,2,1,1.61165072972,1.600618327792638,0.01103240192736199,0,1,1
rotation,66,2200000,2,1,1.6160440061,1.606566123927493,0.009477882172507002,0,1,1
rotation,67,2233333,2,1,1.61807618367,1.614672652181499,0.0034035314885010326,0,1,1
rotation,68,2266667,2,1,1.63722017113,1.6248253160339432,0.012394855096056867,0,1,1
rotation,69,2300000,2,1,1.64978487694,1.636885668263425,0.012899208676575125,0,1,1
rotation,70,2333333,2,1,1.66081655091,1.6506928477448148,0.010123703165185072,0,1,1
rotation,71,2366667,3,1,1.66868345989,1.65631082288481,0.01237263700518998,0,2,2
rotation,72,2400000,3,1,1.65254047638,1.6414348585392322,0.0111056178407678,0,1,1
rotation,73,2433333,3,1,1.63478740844,1.6282473283319872,0.00654008010801288,0,1,1
rotation,74,2466667,3,1,1.62534901127,1.6169227796353005,0.008426231634699466,0,1,1
rotation,75,2500000,3,1,1.61710027974,1.6076147949052024,0.009485484834797608,0,1,1
rotation,76,2533333,3,1,1.60924858271,1.6004522523762132,0.008796330333786795,0,1,1
rotation,77,2566667,3,1,1.60258205837,1.5955359955404755,0.007046062829524358,0,1,1
rotation,78,2600000,3,1,1.59824353122,1.5929361015697845,0.005307429650215578,0,1,1
rotation,79,2633333,3,1,1.60578905176,1.592689917036333,0.013099134723667083,0,1,1
rotation,80,2666667,3,1,1.61075796548,1.594800988677023,0.01595697680297703,0,1,1
rotation,81,2700000,3,1,1.60839118482,1.5992389610349975,0.009152223785002578,0,1,1
rotation,82,2733333,3,1,1.61298484661,1.6059404479390071,0.007044398670992935,0,1,1
rotation,83,2766667,3,1,1.62442976877,1.6148108190266435,0.00961894974335653,0,1,1
rotation,84,2800000,3,1,1.63522505066,1.6257267841361907,0.009498266523809251,0,1,1
rotation,85,2833333,3,1,1.65226712562,1.6385396141964472,0.013727511423552885,0,1,1
rotation,86,2866667,3,1,1.66586292607,1.6530788113880575,0.012784114681942516,0,1,1
rotation,87,2900000,0,1,1.65189467532,1.6521075002641177,0.0002128249441177843,0,1,1
rotation,88,2933333,0,1,1.63676892465,1.6379280749947343,0.0011591503447343499,0,1,1
rotation,89,2966667,0,1,1.62734570211,1.6254796497119017,0.001866052398098228,0,1,1
rotation,90,3000000,0,1,1.61872956249,1.6149279349844208,0.0038016275055792192,0,1,1
rotation,91,3033333,0,1,1.60644476724,1.6064166468508978,2.812038910215975e-05,0,1,1
rotation,92,3066667,0,1,1.60393735327,1.6000639566595818,0.0038733966104183004,0,1,1
rotation,93,3100000,0,1,1.60318313519,1.5959594072671641,0.007223727922835987,0,1,1
rotation,94,3133333,0,1,1.61030086697,1.5941614752230635,0.01613939174693657,0,1,1
rotation,95,3166667,0,1,1.60978431224,1.5946959309373836,0.01508838130261636,0,1,1
rotation,96,3200000,0,1,1.61013938281,1.5975551039010658,0.012584278908934099,0,1,1
rotation,97,3233333,0,1,1.61218589543,1.6026981021695177,0.009487793260482213,0,1,1
rotation,98,3266667,0,1,1.61892760536,1.61005197133053,0.008875634029470003,0,1,1
rotation,99,3300000,0,1,1.6319719117,1.619513716041033,0.012458195658967108,0,1,1
rotation,100,3333333,0,1,1.63774184122,1.6309530545591515,0.006788786660848478,0,1,1
rotation,101,3366667,0,1,1.65735212418,1.644215739322865,0.013136384857135086,0,1,1
rotation,102,3400000,0,1,1.67089699555,1.6591272575588767,0.011769737991123241,0,1,1
rotation,103,3433333,1,1,1.65842007821,1.64959018533724,0.008829892872760148,0,1,1
rotation,104,3466667,1,1,1.6390339427,1.6361213179224063,0.0029126247775936864,0,1,1
rotation,105,3500000,1,1,1.6335332365,1.6244173639952422,0.00911587250475776,0,1,1
rotation,106,3533333,1,1,1.62175932702,1.6146347853522134,0.0071245416677865325,0,1,1
rotation,107,3566667,1,1,1.61288553395,1.6069071904375838,0.005978343512416107,0,1,1
rotation,108,3600000,1,1,1.61079955877,1.6013419992642794,0.00945755950572047,0,1,1
rotation,109,3633333,1,1,1.60723183751,1.5980176239063077,0.009214213603692345,0,1,1
rotation,110,3666667,1,1,1.59922287404,1.596981331112713,0.0022415429272870657,0,1,1
rotation,111,3700000,1,1,1.60927823361,1.598247921128529,0.011030312481471016,0,1,1
rotation,112,3733333,1,1,1.60478418014,1.6017993088967193,0.002984871243280729,0,1,1
rotation,113,3766667,1,1,1.61702010785,1.607585035474381,0.009435072375618914,0,1,1
rotation,114,3800000,1,1,1.62590947334,1.6155236757079983,0.010385797632001648,0,1,1
rotation,115,3833333,1,1,1.64051667212,1.6255050506250697,0.015011621494930294,0,1,1
rotation,116,3866667,1,1,1.6527446956,1.6373931064497766,0.015351589150223388,0,1,1
rotation,117,3900000,1,1,1.66708847785,1.6510292914063693,0.01605918644363058,0,1,1
rotation,118,3933333,2,1,1.67288098099,1.6599541187410853,0.012926862248914706,0,2,2
rotation,119,3966667,2,1,1.65034524911,1.64516281648112,0.005182432628879852,0,1,1
rotation,120,4000000,2,1,1.64204021394,1.6320101343794475,0.010030079560552574,0,1,1
rotation,121,4033333,2,1,1.62818357302,1.6206688469098063,0.00751472611019377,0,1,1
rotation,122,4066667,2,1,1.61395635491,1.6112915871981186,0.0026647677118813995,0,1,1
rotation,123,4100000,2,1,1.61344166771,1.6040072002524557,0.009434467457544393,0,1,1
rotation,124,4133333,2,1,1.60807041497,1.5989174742600103,0.009152940709989732,0,1,1
rotation,125,4166667,2,1,1.60290911281,1.5960944321553086,0.006814680654691374,0,1,1
rotation,126,4200000,2,1,1.59729744515,1.5955783466955995,0.0017190984544004362,0,1,1
rotation,127,4233333,2,1,1.6036266242,1.597376605497686,0.006250018702314009,0,1,1
rotation,128,4266667,2,1,1.60952627415,1.6014635008760243,0.008062773273975754,0,1,1
rotation,129,4300000,2,1,1.62112452925,1.6077809585400014,0.013343570709998698,0,1,1
rotation,130,4333333,2,1,1.62135819177,1.616240156673601,0.005118035096398854,0,1,1
rotation,131,4366667,2,1,1.63862318177,1.6267239303894763,0.011899251380523834,0,1,1
rotation,132,4400000,2,1,1.65145549826,1.6390898126173858,0.0123656856426142,0,1,1
rotation,133,4433333,2,1,1.66217283113,1.6531735354047787,0.00899929572522118,0,1,1
rotation,134,4466667,3,1,1.66452072224,1.653699388121393,0.010821334118606973,0,1,1
rotation,135,4500000,3,1,1.64505514815,1.6390943451047961,0.005960803045203855,0,1,1
rotation,136,4533333,3,1,1.63432909001,1.6262083845159157,0.00812070549408439,0,1,1
rotation,137,4566667,3,1,1.61955665176,1.615212801621132,0.004343850138867955,0,1,1
rotation,138,4600000,3,1,1.61316495143,1.6062572777574586,0.0069076736725413035,0,1,1
rotation,139,4633333,3,1,1.60651083167,1.599466196122784,0.007044635547216016,0,1,1
rotation,140,4666667,3,1,1.59942679009,1.594935399015266,0.0044913910747341745,0,1,1
rotation,141,4700000,3,1,1.59970825694,1.5927295743821943,0.00697868255780576,0,1,1
rotation,142,4733333,3,1,1.60430275148,1.5928804344652079,0.011422317014792016,0,1,1
rotation,143,4766667,3,1,1.60551280466,1.5953858058139871,0.010126998846012869,0,1,1
rotation,144,4800000,3,1,1.60975796419,1.6002096920146258,0.009548272175374128,0,1,1
rotation,145,4833333,3,1,1.61863010887,1.6072833048667292,0.011346804003270705,0,1,1
rotation,146,4866667,3,1,1.63066807771,1.6165069946713968,0.014161083038603195,0,1,1
rotation,147,4900000,3,1,1.63631180216,1.6277529538803397,0.008558848279660358,0,1,1
rotation,148,4933333,3,1,1.65506106912,1.6408685270385075,0.014192542081492565,0,1,1
rotation,149,4966667,3,1,1.67256094051,1.6556799373633933,0.016881003146606677,0,1,1
rotation,150,5000000,0,1,1.65180149969,1.6496098664736323,0.0021916332163676167,0,1,1
rotation,151,5033333,0,1,1.63738110436,1.635709089611571,0.0016720147484290404,0,1,1
rotation,152,5066667,0,1,1.62818330283,1.6235685533629267,0.004614749467073187,0,1,1
rotation,153,5100000,0,1,1.61455617613,1.6133505324662512,0.0012056436637488677,0,1,1
rotation,154,5133333,0,1,1.60650719903,1.6051946856361676,0.0013125133938323152,0,1,1
rotation,155,5166667,0,1,1.60652305906,1.5992145706460823,0.007308488413917624,0,1,1
rotation,156,5200000,0,1,1.60617847906,1.5954946571040538,0.010683821955946193,0,1,1
rotation,157,5233333,0,1,1.59719621851,1.5940880132093254,0.0031082053006745713,0,1,1
rotation,158,5266667,0,1,1.60299048013,1.5950148120600385,0.007975668069961417,0,1,1
rotation,159,5300000,0,1,1.61160647591,1.5982617555961567,0.013344720313843261,0,1,1
rotation,160,5333333,0,1,1.61153029374,1.6037824548473405,0.007747838892659509,0,1,1
rotation,161,5366667,0,1,1.61866979024,1.6114987409080799,0.007171049331920143,0,1,1
rotation,162,5400000,0,1,1.63288209223,1.6213028200198831,0.011579272210116898,0,1,1
rotation,163,5433333,0,1,1.6398460179,1.633060135713283,0.006785882186717052,0,1,1
rotation,164,5466667,0,1,1.6568596193,1.6466127665376287,0.010246852762371361,0,1,1
rotation,165,5500000,0,1,1.67218255139,1.6617831719957865,0.010399379394213426,0,1,1
rotation,166,5533333,1,1,1.6546034524,1.647209292804483,0.007394159595516925,0,1,1
rotation,167,5566667,1,1,1.63676485397,1.6340253811939052,0.0027394727760947646,0,1,1
rotation,168,5600000,1,1,1.62886124664,1.622634136109606,0.006227110530394153,0,1,1
rotation,169,5633333,1,1,1.61996675291,1.6131884264317773,0.006778326478222629,0,1,1
rotation,170,5666667,1,1,1.61378865822,1.605817678532089,0.00797097968791105,0,1,1
rotation,171,5700000,1,1,1.61049690014,1.60062461538504,0.009872284754959937,0,1,1
rotation,172,5733333,1,1,1.60471362269,1.5976825407768775,0.007031081913122517,0,1,1
rotation,173,5766667,1,1,1.60169221713,1.5970333309175127,0.004658886212487445,0,1,1
rotation,174,5800000,1,1,1.60715337248,1.5986862604600351,0.008467112019964862,0,1,1
rotation,175,5833333,1,1,1.60464676239,1.6026177398497579,0.0020290225402421758,0,1,1
rotation,176,5866667,1,1,1.61600551551,1.6087719814796915,0.007233534030308464,0,1,1
rotation,177,5900000,1,1,1.62536044842,1.6170625505161353,0.008297897903864593,0,1,1
rotation,178,5933333,1,1,1.64079287762,1.6273747000914263,0.013418177528573771,0,1,1
rotation,179,5966667,1,1,1.65279252823,1.6395683464058757,0.013224181824124326,0,1,1
rotation,180,6000000,1,1,1.66697163421,1.6534815114697472,0.013490122740252852,0,1,1
rotation,181,6033333,2,1,1.66879421949,1.657360305436553,0.011433914053446959,0,1,1
rotation,182,6066667,2,1,1.65037873972,1.642831704265083,0.007547035454916973,0,1,1
rotation,183,6100000,2,1,1.63727283589,1.629972020499026,0.007300815390973936,0,1,1
rotation,184,6133333,2,1,1.62231744532,1.6189509074859425,0.0033665378340574925,0,1,1
rotation,185,6166667,2,1,1.62085921366,1.6099172455240207,0.010941968135979252,0,1,1
rotation,186,6200000,2,1,1.60805186983,1.6029955456620089,0.005056324167991066,0,1,1
rotation,187,6233333,2,1,1.60062165543,1.5982827627481462,0.0023388926818537215,0,1,1
rotation,188,6266667,2,1,1.60541492897,1.5958456980256879,0.009569230944312057,0,1,1
rotation,189,6300000,2,1,1.59831144477,1.5957191495280003,0.0025922952419996648,0,1,1
rotation,190,6333333,2,1,1.60924268089,1.5979049289617993,0.011337751928200746,0,1,1
rotation,191,6366667,2,1,1.60682576208,1.602371810152334,0.004453951927665845,0,1,1
rotation,192,6400000,2,1,1.62030720505,1.609056412500649,0.011250792549351019,0,1,1
rotation,193,6433333,2,1,1.62761376499,1.6178649608489728,0.00974880414102719,0,1,1
rotation,194,6466667,2,1,1.6411366233,1.6286758083282056,0.01246081497179441,0,1,1
rotation,195,6500000,2,1,1.65318731238,1.641342567441446,0.011844744938554141,0,1,1
rotation,196,6533333,2,1,1.66740903148,1.6556976706009916,0.011711360879008481,0,1,1
rotation,197,6566667,3,1,1.66036162062,1.6511312459202545,0.009230374699745525,0,1,1
rotation,198,6600000,3,1,1.6481125527,1.636802476458757,0.011310076241243028,0,1,1
rotation,199,6633333,3,1,1.63319586701,1.6242229376442434,0.008972929365756555,0,1,1
rotation,200,6666667,3,1,1.61716895036,1.613560561044649,0.0036083893153509017,0,1,1
rotation,201,6700000,3,1,1.61078200542,1.6049610222642041,0.0058209831557958225,0,1,1
rotation,202,6733333,3,1,1.60678420877,1.5985441173442312,0.008240091425768759,0,1,1
rotation,203,6766667,3,1,1.59730056651,1.5944006131193291,0.0028999533906708397,0,1,1
rotation,204,6800000,3,1,1.60099604469,1.592589756538831,0.008406288151169061,0,1,1
rotation,205,6833333,3,1,1.6022054138,1.5931375996425656,0.009067814157434295,0,1,1
rotation,206,6866667,3,1,1.60266506566,1.5960362505764711,0.006628815083528972,0,1,1
rotation,207,6900000,3,1,1.61391624449,1.6012441012859242,0.012672143204075725,0,1,1
rotation,208,6933333,3,1,1.6210147437,1.6086870164097904,0.012327727290209589,0,1,1
rotation,209,6966667,3,1,1.6299485719,1.6182604037423423,0.011688168157657719,0,1,1
rotation,210,7000000,3,1,1.63826313742,1.6298320323721869,0.008431105047813192,0,1,1
rotation,211,7033333,3,1,1.65670283054,1.6432454262706737,0.01345740426932629,0,1,1
rotation,212,7066667,0,1,1.66451971336,1.6623846579449364,0.002135055415063647,0,2,2
rotation,213,7100000,0,1,1.65177821598,1.6471569145427978,0.0046213014372022965,0,1,1
rotation,214,7133333,0,1,1.6345212568,1.633539915326612,0.000981341473388131,0,1,1
rotation,215,7166667,0,1,1.62404021048,1.6217118649121098,0.0023283455678901888,0,1,1
rotation,216,7200000,0,1,1.61351440818,1.6118314945081562,0.0016829136718436999,0,1,1
rotation,217,7233333,0,1,1.61303925674,1.6040343065382845,0.009004950201715545,0,1,1
rotation,218,7266667,0,1,1.60209277182,1.5984291603326923,0.0036636114873076497,0,1,1
rotation,219,7300000,0,1,1.60507794879,1.5950953865090576,0.009982562280942409,0,1,1
rotation,220,7333333,0,1,1.59644877093,1.5940806024564094,0.0023681684735905595,0,1,1
rotation,221,7366667,0,1,1.59508258003,1.5953993675837925,0.0003167875537926079,0,1,1
rotation,222,7400000,0,1,1.60817603207,1.5990327670906548,0.009143264979345256,0,1,1
rotation,223,7433333,0,1,1.6155687867,1.604928952248256,0.01063983445174399,0,1,1
rotation,224,7466667,0,1,1.62180106003,1.613004600908031,0.008796459121968914,0,1,1
rotation,225,7500000,0,1,1.63670617695,1.623147202216869,0.013558974733131057,0,1,1
rotation,226,7533333,0,1,1.64611219408,1.6352180214776504,0.010894172602349705,0,1,1
rotation,227,7566667,0,1,1.6577809601,1.6490555696901825,0.008725390409817457,0,1,1
rotation,228,7600000,1,1,1.66215579302,1.6594185457552428,0.0027372472647571033,0,2,2
rotation,229,7633333,1,1,1.64807485264,1.644874239277464,0.0032006133625359645,0,1,1
rotation,230,7666667,1,1,1.63705603071,1.6319801746495817,0.005075856060418271,0,1,1
rotation,231,7700000,1,1,1.62826136567,1.620905968886504,0.00735539678349606,0,1,1
rotation,232,7733333,1,1,1.61725902158,1.6118007950173423,0.005458226562657709,0,1,1
rotation,233,7766667,1,1,1.61255874265,1.6047898047271392,0.00776893792286093,0,1,1
rotation,234,7800000,1,1,1.60645166716,1.5999709467902867,0.006480720369713255,0,1,1
rotation,235,7833333,1,1,1.60649136458,1.5974123596259395,0.009079004954060554,0,1,1
rotation,236,7866667,1,1,1.60525547269,1.5971504955334301,0.00810497715656977,0,1,1
rotation,237,7900000,1,1,1.60643818477,1.599189096107177,0.007249088662822922,0,1,1
rotation,238,7933333,1,1,1.61493168926,1.6034990862320704,0.0114326030279297,0,1,1
rotation,239,7966667,1,1,1.61786834008,1.6100193937175287,0.007848946362471354,0,1,1
rotation,240,8000000,1,1,1.62759217044,1.6186586404093144,0.008933530030685644,0,1,1
rotation,241,8033333,1,1,1.64531676552,1.6292975960607783,0.01601916945922177,0,1,1
rotation,242,8066667,1,1,1.65404872378,1.6417922446087079,0.012256479171292023,0,1,1
rotation,243,8100000,1,1,1.67244522764,1.655977287662846,0.0164679399771539,0,1,1
rotation,244,8133333,2,1,1.66951940012,1.6548084320328489,0.01471096808715111,0,1,1
rotation,245,8166667,2,1,1.64753010985,1.6405478168269472,0.006982293023052755,0,1,1
rotation,246,8200000,2,1,1.63734256784,1.6279859368730356,0.009356630966964374,0,1,1
rotation,247,8233333,2,1,1.62668347047,1.617289215957319,0.009394254512681055,0,1,1
rotation,248,8266667,2,1,1.61420509533,1.6086026794466115,0.005602415883388501,0,1,1
rotation,249,8300000,2,1,1.60816171455,1.6020464139060395,0.006115300643960486,0,1,1
rotation,250,8333333,2,1,1.59958729432,1.597712467039679,0.0018748272803210675,0,1,1
rotation,251,8366667,2,1,1.61335651293,1.5956623658287874,0.017694147101212643,0,1,1
rotation,252,8400000,2,1,1.60265616666,1.595925405635313,0.006730761024687171,0,1,1
rotation,253,8433333,2,1,1.61428437707,1.5984978207902214,0.01578655627977854,0,1,1
rotation,254,8466667,2,1,1.61062324823,1.6033428917443233,0.007280356485676709,0,1,1
rotation,255,8500000,2,1,1.61938590441,1.6103919816115864,0.008993922798413712,0,1,1
rotation,256,8533333,2,1,1.62726783181,1.6195464335816152,0.0077213982283848015,0,1,1
rotation,257,8566667,2,1,1.6427740017,1.630680207744853,0.012093793955147092,0,1,1
rotation,258,8600000,2,1,1.65379261082,1.6436430972740697,0.010149513545930411,0,1,1
rotation,259,8633333,3,1,1.68134836754,1.664249928681552,0.017098438858448084,0,2,2
rotation,260,8666667,3,1,1.65553894252,1.6486073263613878,0.006931616158612153,0,1,1
rotation,261,8700000,3,1,1.64277994449,1.6345601065374211,0.008219837952578857,0,1,1
rotation,262,8733333,3,1,1.63065355,1.6222917464859854,0.008361803514014499,0,1,1
rotation,263,8766667,3,1,1.62201373005,1.6119667032805782,0.010047026769421707,0,1,1
rotation,264,8800000,3,1,1.60585326258,1.6037265438916508,0.0021267186883491274,0,1,1
rotation,265,8833333,3,1,1.6082039797,1.59768638772325,0.010517591976750174,0,1,1
rotation,266,8866667,3,1,1.6001997188,1.5939318553621404,0.0062678634378594555,0,1,1
rotation,267,8900000,3,1,1.60265885784,1.5925167051441533,0.010142152695846729,0,1,1
rotation,268,8933333,3,1,1.60318768442,1.5934613076130517,0.009726376806948211,0,1,1
rotation,269,8966667,3,1,1.60195393632,1.5967520589847415,0.0052018773352584535,0,1,1
rotation,270,9000000,3,1,1.61465407819,1.6023417733633636,0.012312304826636478,0,1,1
rotation,271,9033333,3,1,1.61718424803,1.6101510270775392,0.007033220952460839,0,1,1
rotation,272,9066667,3,1,1.63364130101,1.6200703654932942,0.01357093551670574,0,1,1
rotation,273,9100000,3,1,1.64567476087,1.6319632307287886,0.013711530141211403,0,1,1
rotation,274,9133333,3,1,1.65766311007,1.6456694334288149,0.011993676641185003,0,1,1
rotation,275,9166667,0,1,1.65629416886,1.6597196178627653,0.003425449002765424,0,2,2
rotation,276,9200000,0,1,1.64547683503,1.6447495394337315,0.0007272955962684957,0,1,1
rotation,277,9233333,0,1,1.63352423715,1.6314213653186755,0.0021028718313245154,0,1,1
rotation,278,9266667,0,1,1.62445418757,1.6199102972623167,0.004543890307683318,0,1,1
rotation,279,9300000,0,1,1.61071537875,1.610371416338701,0.0003439624112988593,0,1,1
rotation,280,9333333,0,1,1.60773912302,1.6029359717110947,0.004803151308905296,0,1,1
rotation,281,9366667,0,1,1.60212561759,1.597708042279737,0.0044175753102631,0,1,1
rotation,282,9400000,0,1,1.60514355634,1.5947617575857391,0.010381798754260929,0,1,1
rotation,283,9433333,0,1,1.59927085673,1.5941392459806316,0.005131610749368409,0,1,1
rotation,284,9466667,0,1,1.60158156425,1.5958494413509619,0.005732122899038128,0,1,1
rotation,285,9500000,0,1,1.60787929868,1.5998678275157396,0.008011471164260264,0,1,1
rotation,286,9533333,0,1,1.61769057628,1.606137137504843,0.011553438775157021,0,1,1
rotation,287,9566667,0,1,1.6266533747,1.6145689608583191,0.012084413841680908,0,1,1
rotation,288,9600000,0,1,1.63346131977,1.6250461538626177,0.008415165907382338,0,1,1
rotation,289,9633333,0,1,1.64234397331,1.6374259021250859,0.004918071184914163,0,1,1
rotation,290,9666667,0,1,1.66075636219,1.6515432565628405,0.00921310562715938,0,1,1
rotation,291,9700000,1,1,1.66231817859,1.6568653268048532,0.005452851785146873,0,2,2
rotation,292,9733333,1,1,1.64652040586,1.6425858818189025,0.003934524041097509,0,1,1
rotation,293,9766667,1,1,1.63588858057,1.6299864685545604,0.0059021120154396645,0,1,1
rotation,294,9800000,1,1,1.62443579041,1.6192335279859833,0.005202262424016668,0,1,1
rotation,295,9833333,1,1,1.61880066498,1.6104724357269526,0.008328229253047326,0,1,1
rotation,296,9866667,1,1,1.60863328553,1.6038239784084491,0.004809307121550921,0,1,1
rotation,297,9900000,1,1,1.60095743671,1.5993812565173453,0.001576180192654597,0,1,1
rotation,298,9933333,1,1,1.61122253649,1.5972071897935027,0.014015346696497177,0,1,1
rotation,299,9966667,1,1,1.6110341402,1.5973327775002857,0.013701362699714226,0,1,1
rotation,300,10000000,1,1,1.60897387928,1.5997562251598991,0.009217654120100782,0,1,1
rotation,301,10033333,1,1,1.61659695126,1.6044429953967294,0.012153955863270616,0,1,1
rotation,302,10066667,1,1,1.61973598833,1.6113267795030144,0.008409208826985592,0,1,1
rotation,303,10100000,1,1,1.63339911706,1.6203113257327122,0.013087791327287768,0,1,1
rotation,304,10133333,1,1,1.64535023882,1.631273007560832,0.014077231259168155,0,1,1
rotation,305,10166667,1,1,1.65689172204,1.6440639761383293,0.012827745901670573,0,1,1
rotation,306,10200000,2,1,1.67512778579,1.6678335510338123,0.007294234756187734,0,2,2
rotation,307,10233333,2,1,1.66630979411,1.6522994159877342,0.014010378122265799,0,1,1
rotation,308,10266667,2,1,1.64927912497,1.6383119987163852,0.010967126253614845,0,1,1
rotation,309,10300000,2,1,1.6362133876,1.626052636683584,0.010160750916416106,0,1,1
rotation,310,10333333,2,1,1.62380903176,1.6156844163864565,0.008124615373543476,0,1,1
rotation,311,10366667,2,1,1.6148362528,1.6073484077335989,0.0074878450664011,0,1,1
rotation,312,10400000,2,1,1.60753173814,1.6011601847444406,0.006371553395559504,0,1,1
rotation,313,10433333,2,1,1.60204350479,1.5972068174531464,0.004836687336853496,0,1,1
rotation,314,10466667,2,1,1.60769858026,1.595544509948975,0.012154070311025,0,1,1
rotation,315,10500000,2,1,1.60734177798,1.5961970313439462,0.011144746636053915,0,1,1
rotation,316,10533333,2,1,1.61491264892,1.5991550416394893,0.015757607280510788,0,1,1
rotation,317,10566667,2,1,1.61418626106,1.6043763573780865,0.009809903681913479,0,1,1
rotation,318,10600000,2,1,1.61850299382,1.6117871393154641,0.006715854504535823,0,1,1
rotation,319,10633333,2,1,1.62995986575,1.621283923912532,0.008675941837468004,0,1,1
rotation,320,10666667,2,1,1.6487543254,1.632736369571664,0.016017955828336206,0,1,1
rotation,321,10700000,2,1,1.65482079789,1.6459905527559944,0.008830245134005654,0,1,1
rotation,322,10733333,3,1,1.6716346191,1.6615164150913473,0.01011820400865271,0,2,2
rotation,323,10766667,3,1,1.65613211241,1.6461285480599483,0.010003564350051564,0,1,1
rotation,324,10800000,3,1,1.64358586088,1.6323680745947462,0.011217786285253828,0,1,1
rotation,325,10833333,3,1,1.62706059501,1.6204155519830439,0.006645043026956232,0,1,1
rotation,326,10866667,3,1,1.62063384928,1.6104318529543709,0.010201996325629237,0,1,1
rotation,327,10900000,3,1,1.60906562173,1.60255433481456,0.0065112869154397846,0,1,1
rotation,328,10933333,3,1,1.60603259403,1.596893353639373,0.009139240390626968,0,1,1
rotation,329,10966667,3,1,1.60088766251,1.5935293165964213,0.0073583459135786455,0,1,1
rotation,330,11000000,3,1,1.62568781158,1.5925104500404368,0.03317736153956319,0,1,1
rotation,331,11033333,3,1,1.60405702318,1.5938514263431922,0.010205596836807773,0,1,1
rotation,332,11066667,3,1,1.60450219003,1.5975329409418682,0.006969249088131901,0,1,1
rotation,333,11100000,3,1,1.61184498035,1.603502268317017,0.008342712032982869,0,1,1
rotation,334,11133333,3,1,1.62336088711,1.6116747592104377,0.01168612789956236,0,1,1
rotation,335,11166667,3,1,1.63345060844,1.6219361797471976,0.011514428692802392,0,1,1
rotation,336,11200000,3,1,1.64853489143,1.634145743681218,0.014389147748782083,0,1,1
rotation,337,11233333,3,1,1.65875113049,1.6481396568590467,0.010611473630953272,0,1,1
rotation,338,11266667,0,1,1.65569425315,1.6570956158966568,0.001401362746656698,0,2,2
rotation,339,11300000,0,1,1.64661525249,1.6423886236707403,0.004226628819259615,0,1,1
rotation,340,11333333,0,1,1.63416669286,1.6293542371800294,0.004812455679970684,0,1,1
rotation,341,11366667,0,1,1.62539293578,1.6181645447036013,0.007228391076398832,0,1,1
rotation,342,11400000,0,1,1.61523971589,1.6089708718195905,0.006268844070409507,0,1,1
rotation,343,11433333,0,1,1.60258985542,1.6019001196121168,0.0006897358078832294,0,1,1
rotation,344,11466667,0,1,1.60129001226,1.5970515075866176,0.004238504673382382,0,1,1
rotation,345,11500000,0,1,1.60904841362,1.5944939058900225,0.014554507729977573,0,1,1
rotation,346,11533333,0,1,1.59932344057,1.5942639199142363,0.005059520655763761,0,1,1
rotation,347,11566667,0,1,1.6081863162,1.596364850756484,0.011821465443516033,0,1,1
rotation,348,11600000,0,1,1.61100499334,1.6007666007354244,0.010238392604575486,0,1,1
rotation,349,11633333,0,1,1.6154622778,1.6074065303279166,0.008055747472083485,0,1,1
rotation,350,11666667,0,1,1.62728903854,1.6161912092583257,0.011097829281674354,0,1,1
rotation,351,11700000,0,1,1.63531967344,1.626998947957475,0.008320725482525049,0,1,1
rotation,352,11733333,0,1,1.64591959082,1.6396829527486614,0.006236638071338563,0,1,1
rotation,353,11766667,0,1,1.66586219653,1.6540749229124838,0.011787273617516192,0,1,1
rotation,354,11800000,1,1,1.66319385666,1.6543544439249598,0.008839412735040186,0,2,2
rotation,355,11833333,1,1,1.6434404707,1.640345064174633,0.003095406525366995,0,1,1
rotation,356,11866667,1,1,1.6396006956,1.6280450168039058,0.011555678796094204,0,1,1
rotation,357,11900000,1,1,1.62492327974,1.6176174598144972,0.007305819925502721,0,1,1
rotation,358,11933333,1,1,1.61538261583,1.6092038713582744,0.006178744471725617,0,1,1
rotation,359,11966667,1,1,1.60977028433,1.6029205850362056,0.006849699293794309,0,1,1
combined,0,0,2,1,1.59667862038,1.5954933028412706,0.0011853175387295245,0,1,1
combined,1,33333,2,1,1.59725747875,1.5897122037909979,0.007545274959002146,0,1,1
combined,2,66667,2,1,1.59361384874,1.5860508797880752,0.0075629689519247645,0,1,1
combined,3,100000,2,1,1.5907439633,1.5844762997686277,0.006267663531372314,0,1,1
combined,4,133333,2,1,1.59326976422,1.5849299951095646,0.008339769110435435,0,1,1
combined,5,166667,2,1,1.59493810741,1.5873294740431287,0.007608633366871231,0,1,1
combined,6,200000,2,1,1.60149782575,1.5915701752683624,0.009927650481637684,0,1,1
combined,7,233333,2,1,1.60881848252,1.5975278588258157,0.01129062369418432,0,1,1
combined,8,266667,2,1,1.61136319711,1.6050613145622086,0.006301882547791404,0,1,1
combined,9,300000,3,1,1.59910920797,1.5933976748183645,0.005711533151635528,0,1,1
combined,10,333333,3,1,1.58464427582,1.5737428315494757,0.010901444270524197,0,1,1
combined,11,366667,3,1,1.56379965475,1.5557192928667378,0.00808036188326211,0,1,1
combined,12,400000,3,1,1.54631062174,1.539475415662103,0.006835206077896894,0,1,1
combined,13,433333,3,1,1.53624868779,1.5251431304453336,0.01110555734466634,0,1,1
combined,14,466667,3,1,1.51682513796,1.5128349989799579,0.0039901389800420795,0,1,1
combined,15,500000,3,1,1.51094106988,1.502641494395757,0.008299575484243205,0,1,1
combined,16,533333,3,1,1.49830067676,1.4946286475317443,0.003672029228255713,0,1,1
combined,17,566667,3,1,1.49524323298,1.4888361972421225,0.006407035737877598,0,1,1
combined,18,600000,3,1,1.49625288758,1.4852763624712761,0.010976525108723933,0,1,1
combined,19,633333,3,1,1.49613116289,1.4839333208397094,0.01219784205029062,0,1,1
combined,20,666667,3,1,1.4990164181,1.4847634352442196,0.014252982855780472,0,1,1
combined,21,700000,3,1,1.49726636417,1.487696221378232,0.009570142791767822,0,1,1
combined,22,733333,3,1,1.50224047317,1.492636000976017,0.009604472193983193,0,1,1
combined,23,766667,3,1,1.51345678608,1.4994641437747156,0.013992642305284297,0,1,1
combined,24,800000,3,1,1.51985390213,1.5080417703253879,0.011812131804612047,0,1,1
combined,25,833333,0,1,1.51938729522,1.516631503821465,0.0027557913985349902,0,2,2
combined,26,866667,0,1,1.49951759597,1.4977162381254376,0.001801357844562368,0,1,1
combined,27,900000,0,1,1.48300758904,1.4803679085837549,0.002639680456245186,0,1,1
combined,28,933333,0,1,1.46751156852,1.4647498183209677,0.0027617501990322424,0,1,1
combined,29,966667,0,1,1.45531523244,1.4510107054369157,0.0043045270030843685,0,1,1
combined,30,1000000,0,1,1.44396681421,1.4392812695812418,0.004685544628758143,0,1,1
combined,31,1033333,0,1,1.4358360036,1.4296708254393882,0.006165178160611795,0,1,1
combined,32,1066667,0,1,1.4291647359,1.4222642568538024,0.006900479046197505,0,1,1
combined,33,1100000,0,1,1.41979520161,1.4171194489824626,0.0026757526275373866,0,1,1
combined,34,1133333,0,1,1.42212766673,1.4142653620502779,0.007862304679722154,0,1,1
combined,35,1166667,0,1,1.4177834681,1.413700878167226,0.0040825899327741055,0,1,1
combined,36,1200000,0,1,1.42509520038,1.4153945046941263,0.009700695685873617,0,1,1
combined,37,1233333,0,1,1.42788114423,1.4192849590047023,0.008596185225297592,0,1,1
combined,38,1266667,0,1,1.43599267564,1.4252825975953418,0.010710078044658289,0,1,1
combined,39,1300000,0,1,1.44426702597,1.4332715953770414,0.010995430592958488,0,1,1
combined,40,1333333,0,1,1.45466684858,1.443112735737679,0.011554112842321107,0,1,1
combined,41,1366667,1,1,1.46565315348,1.462470931355859,0.0031822221241408766,0,2,2
combined,42,1400000,1,1,1.44655361203,1.4445051139157288,0.0020484981142712133,0,1,1
combined,43,1433333,1,1,1.43123621782,1.428097940754493,0.003138277065507067,0,1,1
combined,44,1466667,1,1,1.41137395017,1.4134314578538547,0.002057507683854709,0,1,1
combined,45,1500000,1,1,1.40431238079,1.4006731590147095,0.0036392217752905243,0,1,1
combined,46,1533333,1,1,1.39517118194,1.389971815831241,0.005199366108758818,0,1,1
combined,47,1566667,1,1,1.38334855751,1.3814534047134441,0.0018951527965558324,0,1,1
combined,48,1600000,1,1,1.3830376728,1.3752173510377685,0.007820321762231464,0,1,1
combined,49,1633333,1,1,1.38285147324,1.3713333195980697,0.011518153641930207,0,1,1
combined,50,1666667,1,1,1.38040351604,1.3698387659330251,0.010564750106974774,0,1,1
combined,51,1700000,1,1,1.37586202887,1.3707374232462286,0.005124605623771483,0,1,1
combined,52,1733333,1,1,1.38211289708,1.3739988373811904,0.008114059698809628,0,1,1
combined,53,1766667,1,1,1.38824495411,1.379558984953179,0.00868596915682085,0,1,1
combined,54,1800000,1,1,1.3961183814,1.3873219277381033,0.008796453661896741,0,1,1
combined,55,1833333,1,1,1.40486473923,1.3971623812328708,0.00770235799712915,0,1,1
combined,56,1866667,1,1,1.41513147935,1.4089290168941004,0.0062024624558996155,0,1,1
combined,57,1900000,2,1,1.42701792578,1.4229100893677926,0.004107836412207355,0,2,2
combined,58,1933333,2,1,1.40878974347,1.405944809374845,0.0028449340951550717,0,1,1
combined,59,1966667,2,1,1.39339967637,1.390672677332478,0.0027269990375220488,0,1,1
combined,60,2000000,2,1,1.38048883629,1.3772980206676693,0.0031908156223308115,0,1,1
combined,61,2033333,2,1,1.36898549268,1.3660075086138208,0.002977984066179218,0,1,1
combined,62,2066667,2,1,1.36230096854,1.3569650186883095,0.005335949851690502,0,1,1
combined,63,2100000,2,1,1.35408307531,1.3503067025416053,0.003776372768394598,0,1,1
combined,64,2133333,2,1,1.34542791882,1.346136552855631,0.0007086340356310394,0,1,1
combined,65,2166667,2,1,1.35218103721,1.3445227748116462,0.007658262398353877,0,1,1
combined,66,2200000,2,1,1.35751673147,1.3454952314194353,0.012021500050564793,0,1,1
combined,67,2233333,2,1,1.35619482989,1.349044161900323,0.007150667989676895,0,1,1
combined,68,2266667,2,1,1.35958605197,1.3551202738026284,0.004465778167371592,0,1,1
combined,69,2300000,2,1,1.37032748572,1.3636361963546388,0.00669128936536123,0,1,1
combined,70,2333333,2,1,1.38072584411,1.3744691718651871,0.006256672244812966,0,1,1
combined,71,2366667,2,1,1.39216347025,1.387464770263229,0.004698699986771082,0,1,1
combined,72,2400000,2,1,1.40893912685,1.4024413511826022,0.006497775667397843,0,1,1
combined,73,2433333,3,1,1.40491957009,1.399605451793431,0.005314118296568804,0,1,1
combined,74,2466667,3,1,1.38936089054,1.3848213203076196,0.0045395702323802745,0,1,1
combined,75,2500000,3,1,1.37614321139,1.3720495152251706,0.004093696164829463,0,1,1
combined,76,2533333,3,1,1.36397948721,1.361503073306664,0.0024764139033359722,0,1,1
combined,77,2566667,3,1,1.35828101601,1.3533693488137029,0.004911667196297209,0,1,1
combined,78,2600000,3,1,1.35271123606,1.3478041354100687,0.004907100649931273,0,1,1
combined,79,2633333,3,1,1.34853837742,1.344926410388374,0.003611967031625918,0,1,1
combined,80,2666667,3,1,1.3472555401,1.3448140857872837,0.0024414543127162514,0,1,1
combined,81,2700000,3,1,1.35396159212,1.3475011024676637,0.006460489652336143,0,1,1
combined,82,2733333,3,1,1.35942451739,1.3529761065148465,0.006448410875153465,0,1,1
combined,83,2766667,3,1,1.37068943788,1.361182814043864,0.009506623836136097,0,1,1
combined,84,2800000,3,1,1.38335520029,1.3720220209305112,0.011333179359488854,0,1,1
combined,85,2833333,3,1,1.39714550868,1.3853550724765622,0.011790436203437782,0,1,1
combined,86,2866667,3,1,1.4112355599,1.4010084967065235,0.010227063193476438,0,1,1
combined,87,2900000,3,1,1.43223385684,1.4187794385772183,0.013454418262781598,0,1,1
combined,88,2933333,0,1,1.42485704802,1.420530964984594,0.0043260830354059365,0,1,1
combined,89,2966667,0,1,1.41225080875,1.408128675451725,0.004122133298275044,0,1,1
combined,90,3000000,0,1,1.40320737144,1.3978465780249578,0.005360793415042142,0,1,1
combined,91,3033333,0,1,1.39516682838,1.3898943015195453,0.005272526860454763,0,1,1
combined,92,3066667,0,1,1.38725431337,1.3844519468987135,0.0028023664712863994,0,1,1
combined,93,3100000,0,1,1.38269687356,1.3816643670046171,0.001032506555382895,0,1,1
combined,94,3133333,0,1,1.38136874444,1.3816363103053153,0.00026756586531528903,0,1,1
combined,95,3166667,0,1,1.39719256058,1.3844287953687084,0.012763765211291522,0,1,1
combined,96,3200000,0,1,1.39852289626,1.3900570043391156,0.008465891920884427,0,1,1
combined,97,3233333,0,1,1.40080905581,1.3984898625607245,0.002319193249275431,0,1,1
combined,98,3266667,0,1,1.41711897788,1.4096513248938456,0.007467652986154372,0,1,1
combined,99,3300000,0,1,1.43115655923,1.4234232405699325,0.007733318660067434,0,1,1
combined,100,3333333,0,1,1.45275534341,1.4396495413705648,0.013105802039435233,0,1,1
combined,101,3366667,0,1,1.46902280247,1.4581414107496147,0.01088139172038538,0,1,1
combined,102,3400000,0,1,1.4900801294,1.4786830530897117,0.01139707631028819,0,1,1
combined,103,3433333,1,1,1.4802376442,1.47814834796461,0.0020892962353900035,0,1,1
combined,104,3466667,1,1,1.47649915151,1.4688434513707813,0.007655700139218791,0,1,1
combined,105,3500000,1,1,1.46725847617,1.4616821659217094,0.005576310248290639,0,1,1
combined,106,3533333,1,1,1.46039962526,1.4568521643040457,0.0035474609559542625,0,1,1
combined,107,3566667,1,1,1.46008157981,1.4545094857340657,0.005572094075934286,0,1,1
combined,108,3600000,1,1,1.45390901195,1.4547737976826722,0.0008647857326722352,0,1,1
combined,109,3633333,1,1,1.4608549182,1.4577246568452997,0.003130261354700181,0,1,1
combined,110,3666667,1,1,1.47932413931,1.4633990402077788,0.015925099102221285,0,1,1
combined,111,3700000,1,1,1.4726827827,1.4717903271786688,0.0008924555213312146,0,1,1
combined,112,3733333,1,1,1.48920006723,1.4828487982716354,0.006351268958364686,0,1,1
combined,113,3766667,1,1,1.50352131313,1.4964835915839036,0.007037721546096387,0,1,1
combined,114,3800000,1,1,1.51321400822,1.5125659441023807,0.000648064117619418,0,1,1
combined,115,3833333,1,1,1.53532362044,1.5309334569623567,0.004390163477643316,0,1,1
combined,116,3866667,1,1,1.55755836861,1.551395072424345,0.006163296185655032,0,1,1
combined,117,3900000,2,1,1.5858631787,1.5777256014939545,0.008137577206045465,0,2,2
combined,118,3933333,2,1,1.57848060057,1.5686114637857895,0.00986913678421053,0,1,1
combined,119,3966667,2,1,1.56614043003,1.5613506180551224,0.004789811974877489,0,1,1
combined,120,4000000,2,1,1.56029364048,1.5561383934701738,0.0041552470098262795,0,1,1
combined,121,4033333,2,1,1.55650661859,1.5531440158088208,0.0033626027811792802,0,1,1
combined,122,4066667,2,1,1.55754527517,1.552506080553789,0.005039194616211162,0,1,1
combined,123,4100000,2,1,1.5586936365,1.554328707883098,0.004364928616901853,0,1,1
combined,124,4133333,2,1,1.57422554645,1.5586786233741654,0.015546923075834496,0,1,1
combined,125,4166667,2,1,1.56729803815,1.565583357023308,0.0017146811266919304,0,1,1
combined,126,4200000,2,1,1.58921923861,1.5750306776591443,0.014188560950855633,0,1,1
combined,127,4233333,2,1,1.59402722206,1.586969289207,0.0070579328530000485,0,1,1
combined,128,4266667,2,1,1.60218216116,1.6013107218529465,0.0008714393070534676,0,1,1
combined,129,4300000,2,1,1.62133143055,1.6179322677721866,0.0033991627778133804,0,1,1
combined,130,4333333,2,1,1.64749754567,1.6366807483036268,0.01081679736637331,0,1,1
combined,131,4366667,2,1,1.67309062231,1.6573768635681474,0.015713758741852546,0,1,1
combined,132,4400000,2,1,1.69018061981,1.6798198677535015,0.010360752056498557,0,1,1
combined,133,4433333,3,1,1.69511284349,1.6787103974855275,0.016402446004472493,0,1,1
combined,134,4466667,3,1,1.68273681552,1.6717181984215774,0.011018617098422556,0,1,1
combined,135,4500000,3,1,1.67449361378,1.6666090406098941,0.007884573170105824,0,1,1
combined,136,4533333,3,1,1.67724160815,1.6635434326762908,0.013698175473709107,0,1,1
combined,137,4566667,3,1,1.67534506304,1.6626540709551254,0.012690992084874564,0,1,1
combined,138,4600000,3,1,1.67197238084,1.6640425176474192,0.007929863192580822,0,1,1
combined,139,4633333,3,1,1.68072034283,1.6677766373775398,0.012943705452460152,0,1,1
combined,140,4666667,3,1,1.68770347326,1.6738889454173884,0.013814527842611612,0,1,1
combined,141,4700000,3,1,1.69813475032,1.682375966079273,0.015758784240726964,0,1,1
combined,142,4733333,3,1,1.7076033601,1.6931986333724232,0.014404726727576866,0,1,1
combined,143,4766667,3,1,1.72097451293,1.7062836960902894,0.01469081683971063,0,1,1
combined,144,4800000,3,1,1.73821246674,1.7215260247992197,0.016686441940780394,0,1,1
combined,145,4833333,3,1,1.7505875585,1.7387916664092882,0.011795892090711746,0,1,1
combined,146,4866667,3,1,1.76976943604,1.7579214583179001,0.01184797772209989,0,1,1
combined,147,4900000,3,1,1.79436328217,1.778735000500154,0.015628281669845867,0,1,1
combined,148,4933333,0,1,1.79566284452,1.7915155420801585,0.004147302439841516,0,1,1
combined,149,4966667,0,1,1.78615207977,1.7833681537497696,0.002783926020230254,0,1,1
combined,150,5000000,0,1,1.78449265676,1.7768490337269562,0.007643623033043667,0,1,1
combined,151,5033333,0,1,1.77579802432,1.772113909366084,0.0036841149539159623,0,1,1
combined,152,5066667,0,1,1.77428236297,1.7692953199360042,0.004987043033995775,0,1,1
combined,153,5100000,0,1,1.782063133,1.7684996766656744,0.013563456334325652,0,1,1
combined,154,5133333,0,1,1.77417908653,1.769804859225971,0.0043742273040290325,0,1,1
combined,155,5166667,0,1,1.77581013309,1.7732584760611112,0.0025516570288888207,0,1,1
combined,156,5200000,0,1,1.79616261432,1.7788768835049502,0.017285730815049805,0,1,1
combined,157,5233333,0,1,1.79394202135,1.7866450160798129,0.0072970052701870625,0,1,1
combined,158,5266667,0,1,1.80281834507,1.7965170321811483,0.006301312888851607,0,1,1
combined,159,5300000,0,1,1.82374275061,1.808417730871055,0.015325019738944956,0,1,1
combined,160,5333333,0,1,1.82663095693,1.8222446521381783,0.004386304791821782,0,1,1
combined,161,5366667,0,1,1.8411921464,1.8378707392181628,0.003321407181837266,0,1,1
combined,162,5400000,0,1,1.86258050173,1.8551474202697367,0.0074330814602632245,0,1,1
combined,163,5433333,0,1,1.8782105945,1.8739079587769252,0.004302635723074877,0,1,1
combined,164,5466667,1,1,1.88178024935,1.876926166797126,0.004854082552874006,0,1,1
combined,165,5500000,1,1,1.8638214838,1.867569608696572,0.003748124896572058,0,1,1
combined,166,5533333,1,1,1.86797124176,1.8597403894999187,0.008230852260081356,0,1,1
combined,167,5566667,1,1,1.85495687946,1.8535790311826954,0.001377848277304583,0,1,1
combined,168,5600000,1,1,1.85524982337,1.8492049378437911,0.006044885526208965,0,1,1
combined,169,5633333,1,1,1.85614516631,1.8467139593237536,0.009431206986246332,0,1,1
combined,170,5666667,1,1,1.85676770278,1.8461764014263276,0.010591301353672478,0,1,1
combined,171,5700000,1,1,1.86894094155,1.8476355807848748,0.021305360765125236,0,1,1
combined,172,5733333,1,1,1.86046929594,1.8511069982801243,0.009362297659875729,0,1,1
combined,173,5766667,1,1,1.87120604883,1.856578173499901,0.014627875330099016,0,1,1
combined,174,5800000,1,1,1.87097687607,1.8640091469808469,0.006967729089153218,0,1,1
combined,175,5833333,1,1,1.88387049667,1.8733336205241162,0.010536876145883722,0,1,1
combined,176,5866667,1,1,1.89427414128,1.8844606724798707,0.009813468800129233,0,1,1
combined,177,5900000,1,1,1.90881588508,1.8972769578022917,0.011538927277708444,0,1,1
combined,178,5933333,1,1,1.92110060753,1.911649284154437,0.00945132337556287,0,1,1
combined,179,5966667,1,1,1.94754345701,1.9274274463981451,0.020116010611854973,0,1,1
combined,180,6000000,2,1,1.9289370373,1.9269629290527526,0.00197410824724753,0,1,1
combined,181,6033333,2,1,1.92031554201,1.9150671448163143,0.005248397193685639,0,1,1
combined,182,6066667,2,1,1.90822024354,1.9046201034307724,0.003600140109227601,0,1,1
combined,183,6100000,2,1,1.90345215437,1.8957616831921176,0.007690471177882463,0,1,1
combined,184,6133333,2,1,1.89800063909,1.8886128608381947,0.009387778251805257,0,1,1
combined,185,6166667,2,1,1.89124716321,1.8832733635027064,0.007973799707293727,0,1,1
combined,186,6200000,2,1,1.88309927009,1.879819673523877,0.0032795965661229776,0,1,1
combined,187,6233333,2,1,1.89525247377,1.8783034792382853,0.016948994531714723,0,1,1
combined,188,6266667,2,1,1.89434108092,1.8787506481822025,0.015590432737797588,0,1,1
combined,189,6300000,2,1,1.88616900901,1.881160775320741,0.005008233689258956,0,1,1
combined,190,6333333,2,1,1.89474669308,1.8855073299715164,0.009239363108483722,0,1,1
combined,191,6366667,2,1,1.89607425278,1.8917383937075327,0.004335859072467363,0,1,1
combined,192,6400000,2,1,1.90538339863,1.8997779508195385,0.005605447810461461,0,1,1
combined,193,6433333,2,1,1.92623724475,1.9095276658965539,0.01670957885344615,0,1,1
combined,194,6466667,2,1,1.93922332259,1.9208690621881275,0.01835426040187249,0,1,1
combined,195,6500000,2,1,1.94551579422,1.9336660011857072,0.0118497930342929,0,1,1
combined,196,6533333,,0,,,,1,0,0
combined,197,6566667,3,1,1.93711859317,1.925155117759585,0.011963475410414981,0,1,1
combined,198,6600000,3,1,1.91580987976,1.9118217218710962,0.003988157888903832,0,1,1
combined,199,6633333,3,1,1.90722486878,1.9000407546162426,0.007184114163757416,0,1,1
combined,200,6666667,3,1,1.90496592253,1.889941530176954,0.015024392353045979,0,1,1
combined,201,6700000,3,1,1.88629663615,1.881633846174425,0.004662789975574899,0,1,1
combined,202,6733333,3,1,1.87436805374,1.8752057790937748,0.0008377253537747986,0,1,1
combined,203,6766667,3,1,1.88973228796,1.8707218493245286,0.01901043863547147,0,1,1
combined,204,6800000,3,1,1.88765039736,1.8682216444084654,0.019428752951534678,0,1,1
combined,205,6833333,3,1,1.89388452075,1.8677189708923525,0.026165549857647408,0,1,1
combined,206,6866667,3,1,1.88134256367,1.869201580319609,0.012140983350391155,0,1,1
combined,207,6900000,3,1,1.89196067515,1.8726314854839048,0.019329189666095203,0,1,1
combined,208,6933333,3,1,1.89184185062,1.8779458519316865,0.013895998688313593,0,1,1
combined,209,6966667,3,1,1.89601072083,1.8850584199407887,0.010952300889211397,0,1,1
combined,210,7000000,3,1,1.91441409893,1.8938613867130256,0.02055271221697441,0,1,1
combined,211,7033333,3,1,1.9282223424,1.9042276595474774,0.023994682852522597,0,1,1
combined,212,7066667,3,1,1.93532770486,1.9160133796085848,0.019314325251415188,0,1,1
combined,213,7100000,0,1,1.9073820405,1.906919411173222,0.00046262932677798574,0,1,1
combined,214,7133333,0,1,1.89161998023,1.8912820592395412,0.00033792099045881763,0,1,1
combined,215,7166667,0,1,1.89187907049,1.877126471145236,0.014752599344763917,0,1,1
combined,216,7200000,0,1,1.87085442689,1.8645890209433675,0.006265405946632496,0,1,1
combined,217,7233333,0,1,1.86116478786,1.8537885368615774,0.00737625099842254,0,1,1
combined,218,7266667,0,1,1.85263345983,1.844823896766884,0.007809563063116087,0,1,1
combined,219,7300000,0,1,1.85143113223,1.8377719128005443,0.013659219429455804,0,1,1
combined,220,7333333,0,1,1.84333952637,1.832685603778581,0.010653922591419063,0,1,1
combined,221,7366667,0,1,1.85346479945,1.829592941918956,0.023871857531043927,0,1,1
combined,222,7400000,0,1,1.82521343311,1.8284961405872393,0.003282707477239244,0,1,1
combined,223,7433333,0,1,1.83960102962,1.8293715234320134,0.010229506187986681,0,1,1
combined,224,7466667,0,1,1.83787573191,1.832169984852622,0.00570574705737803,0,1,1
combined,225,7500000,0,1,1.85487125184,1.8368180201942643,0.01805323164573558,0,1,1
combined,226,7533333,0,1,1.8541145243,1.843219274574806,0.010895249725193956,0,1,1
combined,227,7566667,0,1,1.85896375879,1.851256534674866,0.007707224115134137,0,1,1
combined,228,7600000,0,1,1.87092655046,1.8607940702809296,0.010132480179070313,0,1,1
combined,229,7633333,1,1,1.87164395198,1.8630269888104927,0.008616963169507441,0,1,1
combined,230,7666667,1,1,1.85465368804,1.8452967395111666,0.009356948528833398,0,1,1
combined,231,7700000,1,1,1.83409947848,1.8289893458498554,0.005110132630144593,0,1,1
combined,232,7733333,1,1,1.82391121037,1.8142514640353375,0.009659746334662378,0,1,1
combined,233,7766667,1,1,1.80622987907,1.8012136745447433,0.00501620452525664,0,1,1
combined,234,7800000,1,1,1.80086489035,1.7899877817982095,0.010877108551790471,0,1,1
combined,235,7833333,1,1,1.80145163629,1.7806643363914705,0.020787299898529454,0,1,1
combined,236,7866667,1,1,1.77893583503,1.7733104931646249,0.005625341865375111,0,1,1
combined,237,7900000,1,1,1.78516204158,1.7679683120413299,0.017193729538670155,0,1,1
combined,238,7933333,1,1,1.77179324922,1.7646535928407965,0.007139656379203441,0,1,1
combined,239,7966667,1,1,1.76865280086,1.7633553108010447,0.005297490058955301,0,1,1
combined,240,8000000,1,1,1.77296671236,1.7640356882856572,0.008931024074342764,0,1,1
combined,241,8033333,1,1,1.77921500414,1.766630903077428,0.012584101062571795,0,1,1
combined,242,8066667,1,1,1.78494663561,1.7710523984197983,0.013894237190201775,0,1,1
combined,243,8100000,1,1,1.78853905075,1.7771887282212269,0.011350322528773216,0,1,1
combined,244,8133333,1,1,1.79485208962,1.7849078457010001,0.00994424391899984,0,1,1
combined,245,8166667,2,1,1.80241406846,1.791612229826673,0.010801838633327066,0,2,2
combined,246,8200000,2,1,1.77392174545,1.7716474495822,0.0022742958677999248,0,1,1
combined,247,8233333,2,1,1.76752200724,1.7531030202560505,0.0144189869839495,0,1,1
combined,248,8266667,2,1,1.73863793747,1.7361436694718115,0.0024942679981885263,0,1,1
combined,249,8300000,2,1,1.73576113265,1.7209186449164158,0.014842487733584209,0,1,1
combined,250,8333333,2,1,1.71812888632,1.7075584914156132,0.010570394904386715,0,1,1
combined,251,8366667,2,1,1.70589307322,1.6961719959797592,0.009721077240240739,0,1,1
combined,252,8400000,2,1,1.69512475372,1.686843443195444,0.008281310524556051,0,1,1
combined,253,8433333,2,1,1.70371109122,1.6796303232689966,0.024080767951003335,0,1,1
combined,254,8466667,2,1,1.68970224558,1.6745616223631414,0.015140623216858495,0,1,1
combined,255,8500000,2,1,1.68652954388,1.6716367993620846,0.014892744517915446,0,1,1
combined,256,8533333,2,1,1.68513929515,1.6708255165103907,0.014313778639609254,0,1,1
combined,257,8566667,2,1,1.68189767058,1.6720681469914993,0.009829523588500644,0,1,1
combined,258,8600000,2,1,1.68507071537,1.6752770352877406,0.009793680082259337,0,1,1
combined,259,8633333,2,1,1.68959247356,1.6803384414710214,0.009254032088978681,0,1,1
combined,260,8666667,2,1,1.70196031249,1.6871150633597516,0.014845249130248428,0,1,1
combined,261,8700000,3,1,1.70320231021,1.6935970185039566,0.009605291706043406,0,2,2
combined,262,8733333,3,1,1.68101657112,1.6718776917618434,0.009138879358156604,0,1,1
combined,263,8766667,3,1,1.65678908845,1.6516997894373517,0.005089299012648318,0,1,1
combined,264,8800000,3,1,1.64205409795,1.6332500032441208,0.008804094705879173,0,1,1
combined,265,8833333,3,1,1.62241106854,1.6166982454759913,0.005712823064008665,0,1,1
combined,266,8866667,3,1,1.60949702213,1.6021936362934772,0.007303385836522791,0,1,1
combined,267,8900000,3,1,1.59677515049,1.5898606540439482,0.00691449644605191,0,1,1
combined,268,8933333,3,1,1.59804107153,1.5797956461905198,0.018245425339480148,0,1,1
combined,269,8966667,3,1,1.59326343961,1.5720639027256265,0.021199536884373593,0,1,1
combined,270,9000000,3,1,1.58273613775,1.5666974786206442,0.01603865912935576,0,1,1
combined,271,9033333,3,1,1.57848936681,1.563693915926945,0.014795450883055006,0,1,1
combined,272,9066667,3,1,1.57620634643,1.5630159619853325,0.013190384444667469,0,1,1
combined,273,9100000,3,1,1.58332633521,1.5645923135585686,0.018734021651431343,0,1,1
combined,274,9133333,3,1,1.58759344052,1.5683193457866882,0.019274094733311875,0,1,1
combined,275,9166667,3,1,1.59238027416,1.5740637187973565,0.018316555362643427,0,1,1
combined,276,9200000,3,1,1.59868758132,1.5816657017818727,0.017021879538127394,0,1,1
combined,277,9233333,0,1,1.57702389013,1.579210132243486,0.0021862421134859478,0,2,2
combined,278,9266667,0,1,1.56173910013,1.5575818241694672,0.004157275960532836,0,1,1
combined,279,9300000,0,1,1.53882011466,1.537718738261456,0.0011013763985439073,0,1,1
combined,280,9333333,0,1,1.52223940754,1.51981914754008,0.002420259999920127,0,1,1
combined,281,9366667,0,1,1.50629948834,1.5040607591191628,0.0022387292208372322,0,1,1
combined,282,9400000,0,1,1.49591865537,1.4905959333490144,0.005322722020985493,0,1,1
combined,283,9433333,0,1,1.48600968057,1.4795471980515509,0.006462482518449164,0,1,1
combined,284,9466667,0,1,1.48051701043,1.4710033299356569,0.009513680494343202,0,1,1
combined,285,9500000,0,1,1.47881530586,1.4650162698726246,0.013799035987375419,0,1,1
combined,286,9533333,0,1,1.47445242003,1.4615991023601977,0.012853317669802244,0,1,1
combined,287,9566667,0,1,1.46943741512,1.460725263199369,0.008712151920631017,0,1,1
combined,288,9600000,0,1,1.474821171,1.4623290499824342,0.012492121017565916,0,1,1
combined,289,9633333,0,1,1.47856087398,1.466307409235638,0.012253464744361953,0,1,1
combined,290,9666667,0,1,1.48224193349,1.4725228763632043,0.009719057126795771,0,1,1
combined,291,9700000,0,1,1.48932971153,1.4808074636937427,0.008522247836257213,0,1,1
combined,292,9733333,1,1,1.49370685399,1.4874320931544407,0.006274760835559334,0,2,2
combined,293,9766667,1,1,1.47250108382,1.4662554734586606,0.006245610361339304,0,1,1
combined,294,9800000,1,1,1.44805266219,1.4469665046764757,0.0010861575135243662,0,1,1
combined,295,9833333,1,1,1.43663850083,1.4297813329549953,0.006857167875004677,0,1,1
combined,296,9866667,1,1,1.41736442399,1.4148936462447428,0.00247077774525728,0,1,1
combined,297,9900000,1,1,1.40527548035,1.402469061343334,0.0028064190066661165,0,1,1
combined,298,9933333,1,1,1.39707667509,1.3926398658554535,0.00443680923454659,0,1,1
combined,299,9966667,1,1,1.39864650781,1.3855004670269078,0.013146040783092339,0,1,1
combined,300,10000000,1,1,1.39148791791,1.3811038898701904,0.010384028039809534,0,1,1
combined,301,10033333,1,1,1.38684491569,1.3794596132809998,0.007385302409000261,0,1,1
combined,302,10066667,1,1,1.38384269952,1.3805329374246118,0.0033097620953881357,0,1,1
combined,303,10100000,1,1,1.38762394531,1.3842459500766915,0.003377995233308617,0,1,1
combined,304,10133333,1,1,1.39867510544,1.3904800225312834,0.008195082908716511,0,1,1
combined,305,10166667,1,1,1.40237417037,1.3990796387463902,0.003294531623609709,0,1,1
combined,306,10200000,1,1,1.41831092671,1.4098572638208344,0.008453662889165603,0,1,1
combined,307,10233333,2,1,1.42030292813,1.4140893992507348,0.006213528879265073,0,2,2
combined,308,10266667,2,1,1.39724057841,1.3949276090889104,0.0023129693210894864,0,1,1
combined,309,10300000,2,1,1.37821910419,1.3778160762881784,0.00040302790182167314,0,1,1
combined,310,10333333,2,1,1.36709166903,1.3629781501256018,0.00411351890439815,0,1,1
combined,311,10366667,2,1,1.35374920351,1.350610956860768,0.0031382466492320127,0,1,1
combined,312,10400000,2,1,1.34614075995,1.340879212247476,0.005261547702523961,0,1,1
combined,313,10433333,2,1,1.34062528262,1.3339096064332006,0.0067156761867994685,0,1,1
combined,314,10466667,2,1,1.34067042911,1.329786182849674,0.010884246260326025,0,1,1
combined,315,10500000,2,1,1.33509677523,1.3285470954837062,0.006549679746293835,0,1,1
combined,316,10533333,2,1,1.33148540755,1.3301830356095365,0.0013023719404634537,0,1,1
combined,317,10566667,2,1,1.33948210916,1.3346374791987978,0.004844629961202163,0,1,1
combined,318,10600000,2,1,1.34369172777,1.3418087406520314,0.0018829871179686375,0,1,1
combined,319,10633333,2,1,1.35245473936,1.3515536547373357,0.0009010846226642499,0,1,1
combined,320,10666667,2,1,1.36640369674,1.363692573805396,0.00271112293460396,0,1,1
combined,321,10700000,2,1,1.38207224157,1.3780152812749287,0.004056960295071299,0,1,1
combined,322,10733333,3,1,1.39157174395,1.379351501546796,0.012220242403203851,0,2,2
combined,323,10766667,3,1,1.36998029606,1.3633676172980485,0.006612678761951596,0,1,1
combined,324,10800000,3,1,1.35399752706,1.3495528233124663,0.004444703747533696,0,1,1
combined,325,10833333,3,1,1.3433984483,1.3381204588941977,0.005277989405802375,0,1,1
combined,326,10866667,3,1,1.33778945241,1.32925367032297,0.008535782087029986,0,1,1
combined,327,10900000,3,1,1.33079658039,1.3230994566506402,0.0076971237393597125,0,1,1
combined,328,10933333,3,1,1.3288720379,1.3197635835628343,0.009108454337165783,0,1,1
combined,329,10966667,3,1,1.33262879639,1.3193067740449687,0.013322022345031437,0,1,1
combined,330,11000000,3,1,1.33162619495,1.3217425061084542,0.009883688841545668,0,1,1
combined,331,11033333,3,1,1.33566424809,1.3270366176585453,0.008627630431454758,0,1,1
combined,332,11066667,3,1,1.34172480491,1.3351087551482645,0.006616049761735354,0,1,1
combined,333,11100000,3,1,1.35126594602,1.3458355328884506,0.005430413131549461,0,1,1
combined,334,11133333,3,1,1.36730391188,1.3590551223681009,0.008248789511899002,0,1,1
combined,335,11166667,3,1,1.38220501224,1.3745728885039008,0.007632123736099228,0,1,1
combined,336,11200000,3,1,1.39967072664,1.3921676440928574,0.007503082547142492,0,1,1
combined,337,11233333,0,1,1.39930853177,1.3944913357333126,0.004817196036687399,0,1,1
combined,338,11266667,0,1,1.38744582157,1.3820518964111654,0.005393925158834634,0,1,1
combined,339,11300000,0,1,1.37183967937,1.3717006001325174,0.00013907923748268658,0,1,1
combined,340,11333333,0,1,1.36909102694,1.36362393256319,0.005467094376810033,0,1,1
combined,341,11366667,0,1,1.36258802732,1.3579785514185603,0.004609475901439675,0,1,1
combined,342,11400000,0,1,1.35850959079,1.3548865486673465,0.003623042122653519,0,1,1
combined,343,11433333,0,1,1.35861925515,1.3544316221214794,0.004187633028520654,0,1,1
combined,344,11466667,0,1,1.35466429666,1.356656448338641,0.0019921516786409743,0,1,1
combined,345,11500000,0,1,1.37112787644,1.3615614670744232,0.009566409365576733,0,1,1
combined,346,11533333,0,1,1.37699358799,1.3691051745207443,0.007888413469255617,0,1,1
combined,347,11566667,0,1,1.38918796138,1.3792058946311465,0.009982066748853491,0,1,1
combined,348,11600000,0,1,1.39793723808,1.3917448749011767,0.0061923631788232125,0,1,1
combined,349,11633333,0,1,1.41455593078,1.4065704537289327,0.007985477051067225,0,1,1
combined,350,11666667,0,1,1.43009347904,1.4235029839805264,0.006590495059473511,0,1,1
combined,351,11700000,0,1,1.45046700268,1.4423401765470447,0.008126826132955234,0,1,1
combined,352,11733333,1,1,1.45631742501,1.4525112355417005,0.00380618946829947,0,2,2
combined,353,11766667,1,1,1.44953384382,1.442257672768967,0.007276171051032954,0,1,1
combined,354,11800000,1,1,1.44060605267,1.4338732287302922,0.006732823939707755,0,1,1
combined,355,11833333,1,1,1.43083854969,1.4275261815578246,0.0033123681321753917,0,1,1
combined,356,11866667,1,1,1.42918327744,1.4233591615362275,0.005824115903772409,0,1,1
combined,357,11900000,1,1,1.42685147658,1.4214853950049244,0.005366081575075565,0,1,1
combined,358,11933333,1,1,1.43070819792,1.4219856508674362,0.008722547052563812,0,1,1
combined,359,11966667,1,1,1.43702054971,1.4249060938066525,0.012114455903347476,0,1,1
